seqName,insertions
"SB12736-SAR-03","9:C;64:A;121:TT;704:T;744:TC;7064:C"
"26M/AUS/4/99","9:C;64:A;120:AT;704:T;721:CT;744:AGT"
"1/SHENZHEN/08/China/HFMD/2008","98:CAG;131:C;703:GT;748:TAAA;7345:ATA"
"4/SHENZHEN/08/China/HFMD/2008","98:CAG;131:C;703:GT;748:TAAA;7345:ATA"
"Shanghai036-2009","0:T;10:C;130:C;703:TC;740:CTTA;751:TAAA;7339:GG;7343:ATA"
"TW/96022/08","63:A;120:TT;703:T;743:TC"
"TW/2639/04","88:A;129:C;702:TC;746:TAAA;7343:ATA"
"Chongqing1-09-China","9:C;129:C;710:T;725:CTTGACTCTC;7337:G"
"BJ110","9:C;129:C;702:TC;740:CAC;4273:A;7343:ATA"
"BJ303","9:C;129:C;702:TC;746:TAAA;6390:C;7344:ATA"
"KM186/09","9:C;89:A;127:C;711:T;746:TAAA"
"EV054_07","90:TT;118:TTGTGTAC;749:TC"
"EV090_07","128:AC;688:AT;703:G;744:TC"
"EV082_07","128:AC;688:AT;703:G;744:TC"
"003/XM/2010",""
"FY0805","8:AG;84:T;131:C;703:TT;748:TAAA;7334:G;7404:A"
"Shanghai36-2009","0:T;10:C;130:C;702:TT;747:TAAA;7066:C;7334:G"
"Shanghai117-2009","0:T;10:C;100:CAG;133:C;705:TT;743:CTTA;754:TAAA;7340:G"
"BJ01","128:C;700:TT;745:TAAA;7331:G"
"EV71/Ningbo.CHN/065/2010","0:T;10:C;100:CAG;133:C;705:TT;750:TAAA;7336:G"
"Luoyang/2011","9:C;99:CAG;132:C;704:TT;749:TAAA;6367:GATGTGAGTAAA;7347:G"
"Nanyang/2011-China","9:C;99:CAG;132:C;704:GT;749:TAAA;7335:G"
"4643-TW98","9:C;91:T;97:TC;132:AC;692:AT;707:G;748:TC"
"EV71/Ningbo.CHN/087/2009","9:C;128:T;701:TT;733:ACC;749:TAAA;7335:G"
"BRU/2006/35334","9:C;64:A;121:TT;743:AT;7063:C"
"EV71/Jinan1004","9:C;99:CAG;132:C;704:TT;749:TAAA;7335:G"
"BJ","0:T;99:CAG;132:C;704:TT;749:TAAA;7335:G"
"540V/VNM/05","9:C;89:A;130:C;702:GT;747:TAAA;7344:ATA"
"FY7VP5/AH/CHN/2008","9:C;129:C;702:TC;746:TAAA;7343:ATA"
"FY17.08-4/AH/CHN/2008","98:CAG;131:C;703:TT;748:TAAA;7334:G"
"SD09-21/SD/CHN/2009","98:CAG;131:C;703:TT;748:TAAA;7334:G"
"SH-6/SH/CHN/2002","98:CAG;131:C;703:GT;748:TAAA;6366:GATGTGAGTAAA;7357:ATA"
"Wuhan1117/HuB/CHN/2011","9:C;129:C;701:TT;746:TAAA;7332:G"
"EV71/wuhan/3018/2010","9:C"
"C2-NHRIEV95528-TW-Jun-25-12",""
"SEP4","699:TT;737:CTTA;748:TAAA;7334:G"
"N1745-TW08","9:C;64:A;121:TT;704:T;744:TC"
"M988-TW12","9:C;129:CT;701:G;733:ACC;746:TT"
"M957-TW12","9:C;129:CT;701:G;733:ACC;746:TT"
"C4a-70365-TW-2010","9:C;99:CAG;132:C;713:T;748:TAAA;7334:G;7412:G"
"wenzhou227","699:TT;739:AGT;7340:ATA"
"EV71/Homosapiens/VNM/150/2012","89:C;129:C;701:TT;739:CTTA;750:TAAA;7336:G"
"EV71/Homosapiens/VNM/117/2012","128:C;700:T;737:CTTA;748:TAAA"
"EV71/Homosapiens/VNM/43/2012","128:C;700:T;724:C;745:TAAA;7331:G"
"EV71/Homosapiens/VNM/19/2011","128:C;700:T;724:C;745:TAAA;7331:G"
"EV71/Homosapiens/VNM/2/2011","89:CC;130:C;702:TT;740:CTTA;751:TAAA;7337:G"
"EV71/Homosapiens/VNM/64/2012","128:C;700:TT;745:TAAA;7331:G"
"EV71/Homosapiens/VNM/237/2011","128:C;700:TT;738:CTTA;749:TAAA;7335:G"
"EV71/Homosapiens/VNM/3/2011","128:C;700:TT;738:GCA;7330:G"
"EV71/Homosapiens/VNM/142/2012","128:C;700:TT;738:CTTA;749:TAAA;7335:G"
"EV71/Homosapiens/VNM/212/2011","128:C;700:TT;722:TATCTTGACC;7337:G"
"EV71/Homosapiens/VNM/73/2012","128:C;700:TT;745:TAAA;7333:GGT"
"EV71/Homosapiens/VNM/127/2012","128:C;700:TT;745:TAAA;7333:GGT"
"EV71/Homosapiens/VNM/222/2011","128:C;700:TT;738:CTTA;749:TAAA;7335:G"
"EV71/Homosapiens/VNM/24/2011","128:C;700:TT;738:CTTA;749:TAAA;7335:G"
"EV71/Homosapiens/VNM/119/2012","128:C;700:TT;738:CTTA;749:TAAA;7335:G"
"EV71/Homosapiens/VNM/22/2011","128:C;700:TT;738:CTTA;749:TAAA;6393:T;7336:G"
"EV71/Homosapiens/VNM/209/2011","128:C;700:T;724:C;745:TAAA;7331:G"
"EV71/Homosapiens/VNM/130/2012","128:C;700:T;724:C;745:TAAA;7331:G"
"EV71/Homosapiens/VNM/63/2012","128:C;700:CT;738:CTTA;749:TAAA;7337:GG;7341:ATA"
"EV71/P1034/2013/China","9:C;129:C;701:TT;746:TAAA;7330:TAGAGGC"
"EV71/Homosapiens/KHM/309/2012","699:T;743:TAAA"
"EV71/Homosapiens/KHM/312/2012","128:T;700:TT;738:GCA"
"EV71/Homosapiens/KHM/280/2012","63:A;120:TT;710:AC;744:TC;4137:A"
"EV71/Homosapiens/KHM/330/2012","128:C;700:TT;738:CTTA;749:TAAA"
"EV71/Homosapiens/KHM/268/2012","128:C;700:TT;738:CTTA;749:TAAA;7335:G"
"02-1-055","119:TT;702:T;742:TC;4135:A"
"02-0-060","119:TT;700:G;740:AAT;7061:T"
"02-0-083","119:TT;702:T;742:TC;4135:A"
"02-0-090","119:TT;702:T;742:TC"
"THA_A1083","119:TT;702:T;740:AAT;4136:A"
"EV71/SZ04/CHN/2014","9:C;99:CAG;132:C;155:GCGCT;708:CT;749:AGT;7339:G"
"C4-ND-114_Vietnam_CaMau_2012-04-15",""
"45894/BE/DE2015","686:ATTA;732:GTGAA"
"46411/NW/DE2015","686:ATTA;732:GTGAA"
"CQ2014-86","9:C;120:TT;703:T;741:AGT;4137:A"
"HFM072","9:C;129:C;701:TT;733:ACC;749:TAAA;7335:G"
"HFM088","98:CAG;131:C;154:GCGCT;717:T;752:TAAA;7338:G"
"EVA71/Homosapiens/VNM/12.1/2013","700:T;730:ACC;743:TT"
"EVA71/Homosapiens/VNM/15.1/2014","700:T;740:TC"
"EVA71/Homosapiens/VNM/15.2/2014","9:C;96:C;121:TT;704:T;744:TC"
"N826-Sendai-2003","128:C;700:GT;745:TAAA;7331:G"
"K493-Sendai-2003","128:C;567:C;701:G;745:TAAA;6363:GATGTGAGTAAA;7354:ATA"
"K399-Sendai-2003","98:CAG;131:C;707:C;711:GG;749:TAAA;6367:GATGTGAGTAAA;7347:G"
"2779-Yamagata-2002","9:C;99:CAG;132:C;704:GT;749:TAAA;6367:GATGTGAGTAAA;7358:ATA"
"2317-Yamagata-2006","98:CAG;131:C;703:GT;748:TAAA;7345:ATA"
"15NHP108","119:TT;705:C;742:TC;4135:A;7063:C"
"16NHP379","128:C;151:GCGCT;686:TGTGC;693:T;749:AGT;7339:G"
"16NHP442","128:C;151:GCGCT;579:T;705:C;745:AGT;7332:CTAGAGG"
"2019-EV-A71-R480","9:C;96:C;106:C;131:CT;714:T;721:ACAC;736:TCGTG;7355:CAC"
"EV-A71/2019/FR/0622","89:TC;106:C;131:CT;714:T;721:ACAC;736:TCGTG;5677:G;7356:CAC"
"Nagoya","9:C;129:CT;732:ACC;743:AGT;4798:CCG;5430:GC;6175:T"
"20574","81:G;129:CT;732:ACC;743:AGT;4798:CCG;5430:GC;6175:T"
"Tainan/5746/98","9:C;91:T;97:TC;132:AC;692:AT;707:G;748:TC;5662:A"
"Tainan/6092/98","9:C;91:T;97:TC;132:AC;692:AT;707:G;748:TC"
"6F/AUS/6/99","9:C;87:G;130:AC;690:AT;705:G;746:CC"
"PLday1-CH-06","87:C;129:AC;740:AGT;3818:T"
"2007-08747","63:A;120:TT;703:T;743:TC"
"EV71/Fuyang.Anhui.P.R.C/17.08/1","9:C;99:CAG;132:C;704:TT;749:TAAA;7335:G"
"522-04T/SD/CHN/07","9:C;99:CAG;132:C;704:GT;749:TAAA;6367:GATGTGAGTAAA;7358:ATA"
"N2838-TW03","9:C;64:A;121:TT;704:T;744:TC;7064:C"
"GZ-08-01","98:CAG;131:C;703:GT;748:CAAA;7345:ATA"
"TW/2429/04","88:A;129:C;702:TC;746:TAAA;7343:ATA"
"TW/70516/08","98:CAG;131:C;703:GT;748:TAAA;7345:ATA"
"TW/72232/04","128:C;700:GT;740:AG;6714:T;7341:ATA"
"FY08-C30-P2","88:A;129:C;701:TT;746:TAAA;6390:T;7333:G"
"EV71/Lanzhou01","9:C;99:CAG;132:C;709:CTGTG;731:TCTTGACCTT;7344:G"
"BJ293","9:C;94:T;130:C;707:CTGTG;750:TAAA;7336:G"
"Fuyang-0805a","0:CTT;12:C;102:CAG;135:C;707:TT;752:TAAA;5432:GC;7340:G"
"Shanghai51-2009","0:T;10:C;100:CAG;133:C;681:G;706:TT;751:TAAA;7337:G"
"Shanghai64-2009","0:T;10:C;100:CAG;133:C;156:GCGCT;710:TT;748:CTTA;759:TAAA;7345:G;7354:C"
"Shanghai118-2009","0:T;10:C;100:CAG;133:C;156:GCGCT;712:T;754:TAAA;7340:G"
"EV71/Henan/106/2009","9:C;99:CAG;132:C;747:TAAA;7333:GAGGT"
"M183-1176F/HeN/CHN/2009","9:C;129:C;701:TT;739:CTTA;750:TAAA;7336:G"
"0964/SYD/98","9:C;87:G;130:AC;690:AT;705:G;746:CC"
"BC08","9:C;129:C;701:TT;739:CTTA;750:CAAA;7336:G"
"HN1360/HN/CHN/2011","0:TT;8:AC;13:C;133:C;705:TT;750:TAAA;7336:G"
"HN318/HN/CHN/2011","0:TT;8:AC;13:C;133:C;705:TT;730:C;751:TAAA;7348:ATA"
"SHAPHC695F/SH/CHN/10","9:C;129:C;701:TT;746:TAAA;6390:T;7333:G"
"EV71/Hubei-XF/CHN/2010","9:C;99:CAG;132:C;704:TT;736:ACC;752:TAAA;7338:G"
"26M/AUS/4/99/GuaR1",""
"GD-DG2011-3","9:C;129:C;701:TT;733:ACC;749:TAAA;7335:G"
"GD-DG2011-8","9:C;129:C;701:TT;733:ACC;749:TAAA;7335:G"
"SDLY96","9:C;99:CAG;132:C;713:T;735:ACC;751:TAAA;7337:G"
"SHAPHC5427/SH/CHN/14","9:C;129:C;706:CTGTG;749:TAAA;5429:AC;6369:GATGTGAGTAAA;7351:GGG"
"SiICRC08/TH/2011","9:C;64:A;121:TT;711:AC;745:TC;4138:A"
"SiICRC15/TH/2011","9:C;64:A;121:TT;704:T;744:TC;4137:A"
"SiICRC11/TH/2012","63:A;120:TT;742:TC"
"SiICRC04/TH/2013","63:A;120:TT;703:T;743:TC;4136:A"
"SiICRC05/TH/2013","9:C;64:A;121:TT;704:T;744:TC;4137:A;7065:C"
"HP","9:C;99:CAG;132:C;704:TT;749:TAAA;7335:G"
"USA/2016/19522","709:T;716:GCAC;734:TGAAA;7065:T;7334:AGAGGCC"
"2005-1480","729:ACC;740:AGT"
"MAD-72341-04","9:C;64:G;90:A;122:TGAGC;737:ATC;747:TAG"
"CAF-RS2-NMA-008-03","9:C;90:C;120:GC;127:TT;692:AT;707:G;734:C;749:CC;4142:G"
"GZ203KL21/GD/CHN/2010","98:CAG;131:C;703:TT;748:TAAA;7334:G;7384:TGA"
"R642/YN/CHN/2010","0:T;10:C;100:CAG;133:C;572:C;706:TT;751:TAAA;2207:GCA;7340:G"
"R993/YN/CHN/2010","9:C;99:CAG;132:C;155:GCGCT;576:C;710:TT;755:TAAA;7341:G"
"RW15/YN/CHN/2012","9:C;99:CAG;132:C;155:GCGCT;752:TAAA;7338:G"
"K14/YN/CHN/2013","6:C;10:C;100:CAG;133:C;156:GCGCT;719:T;749:AGT;7339:G"
"DK07-03","681:GTGCCG"
"DK14-03","686:ATTA;732:GTGAA"
"DK16-02","686:ATTA;732:GTGAA"
"GIN-13-365","9:C;91:TT;131:AC;571:C;706:GTC;748:TC;3823:C"
"SEN-14-157","90:TT;118:TTGTGTAC;709:GT;751:TC;3826:C"
"TW-71680-2008","9:C;64:A;121:TT;704:T;744:TC"
"TW-72219-2008","9:C;120:TT;703:TC;744:TC"
"TW-01709-2010","9:C;99:CAG;132:C;713:T;748:TAAA;7334:G"
"TW-71650-2011","9:C;129:CT;703:T;733:ACC;746:TT"
"TW-00184-2012","9:C;129:C;701:TT;723:TATCTTGACC"
"TW-02572-2012","9:C;129:CT;703:T;733:ACC;746:TT"
"TW-50601-2012","9:C;129:CT;703:T;733:ACC;746:TT;3821:T"
"TW-50681-2012","9:C;129:CT;703:T;733:ACC;746:TT"
"TW-50878-2012","9:C;129:CT;703:T;733:ACC;746:TT"
"Huainan201404","9:C;89:A;130:C;701:GT;747:CAAA;7338:TGTAC"
"16F","88:A;105:C;130:CT;713:T;720:ACAC;737:GTGAA;7337:AGAGGCC"
"100-p35-T1",""
"101-p17-T2",""
"C4-6","128:C;700:TT;738:CTTA;749:TAAA;7335:G"
"C4-8","128:C;700:TT;738:CTTA;749:TAAA;7335:G"
"C4-9","128:C;700:TT;738:CTTA;749:TAAA;7335:G"
"B5-21","95:C;120:TT;703:T;743:TC"
"B5-23","95:C;120:TT;703:T;743:TC"
"B5-31","95:C;120:TT;703:T;743:TC"
"B5-33","95:C;120:TT;703:T;743:TC"
"B5-40","88:G;120:TT;703:T;743:TC"
"B5-45","119:TT;702:T;742:TC"
"B5-48","119:TT;702:T;740:AAT"
"B5-62","119:TT;702:T;742:TC"
"B5-68","119:TT;702:T;742:TC;4135:A"
"B5-72","119:TT;741:TC;4134:A"
"B5-76","119:TT;702:T;742:TC;4135:A"
"B5-80","119:TT;741:TC;4134:A"
"B5-93","119:TT;702:T;742:TC;4135:A"
"B5-99","119:TT;702:T;740:AGT;4136:A"
"B5-102","119:TT;702:T;742:TC"
"B5-107","119:TT;702:T;742:TC;4135:A"
"B5-125","63:A;120:TT;703:T;733:ACC;744:AAT"
"B5-109","119:TT;702:T;742:TC;4135:A"
"B5-129","63:A;120:TT;703:T;733:ACC;744:AAT"
"J098-EV-A71-WS-YN-2014","119:TT;702:T;742:TC"
"SB6-760-3","63:A;120:TT;703:T;743:AT;7063:C"
"6-684-4","9:C;64:A;121:TT;704:T;744:AT;7064:C"
"16L","93:T;105:C;130:CT;713:T;720:ACAC;737:GTGAA;7337:AGAGGCC"
"R118/YN/CHN/2016","119:TT;741:TC"
"USA/2018-23297","9:C;129:CT;689:ATTA;698:CACAT;7335:AGAGGCC"
"TLLeC5","9:C;64:A;120:AT;704:T;721:CT;744:AGT"
"F9","9:C;64:A;130:CT;704:T;744:TC"
"No.2","9:C;64:A;121:TT;704:T;744:TC"
"No.9","9:C;64:A;121:TT;704:T;744:TC"
"9443","128:CT;731:ACC;742:AGT;4797:CCG;5429:GC;6174:T"
"9612","95:C;129:AC;741:GTC;6358:GCGATGT;6370:AAG"
"06-KOR-00","9:C;83:T;130:AC;729:G;744:TT;3819:T"
"S40221-SAR-00","9:C;129:AC;732:ACC;743:AGT;3821:T"
"5511-SIN-00","9:C;64:A;121:TT;702:G;719:GG;746:TC"
"EV71/Ningbo.CHN/107/2009","9:C;128:T;701:TT;733:ACC;749:TAAA;7335:G"
"EV71/Ningbo.CHN/061/2011","0:T;10:C;100:CAG;133:C;705:TT;750:TAAA;5430:AC;7338:G"
"SD07-1/SD/CHN/2007","128:C;701:TC;745:TAAA;7342:ATA"
"HCM84-VNM-2011","24:GAG;98:TC;133:AT;706:GT;738:AAC;745:AT;7071:C"
"HCM120-VNM-2011","128:C;743:TAAA;7329:G"
"BS","9:C;64:A;120:AT;704:T;721:CT;744:AGT"
"M1089-TW12","9:C;129:CT;703:T;733:ACC;746:TT"
"EV71/Homosapiens/VNM/80/2012","128:C;700:TT;738:CTTA;749:TAAA;7335:G"
"EV71/Homosapiens/VNM/122/2012","128:C;700:TT;738:CTTA;749:TAAA;7335:G"
"EV71/Homosapiens/VNM/249/2011","128:C;700:TT;738:CTTA;749:TAAA;6367:GATGTGAGTAAA;7347:G"
"EV71/Homosapiens/VNM/132/2012","128:C;700:T;737:CTTA;748:TAAA"
"EV71/Homosapiens/VNM/175/2012","128:C;700:TT;738:CTTA;749:TAAA"
"EV71/Homosapiens/VNM/105/2012","128:C;700:TT;738:CTTA;749:TAAA;7335:G"
"EV71/Homosapiens/VNM/17/2011","95:TC;130:AT;703:GT;735:AAC;742:AT"
"EV71/Homosapiens/VNM/97/2012","128:C;701:TC;738:CTTA;749:TAAA;7340:TGTAC"
"EV71/Homosapiens/VNM/40/2011","128:C;700:TT;738:CTTA;749:TAAA;7335:G"
"EV71/Homosapiens/VNM/5/2011","95:TC;130:AT;703:GT;711:T;736:AAC;743:AT;7069:C;7348:TG"
"EV71/Homosapiens/VNM/162/2012","128:C;700:TT;745:TAAA;7333:GGT"
"EV71/Homosapiens/VNM/96/2012","128:C;700:TT;738:CTTA;749:TAAA;7335:G"
"EV71/Homosapiens/VNM/202/2011","128:C;743:TAAA;7329:G"
"EV71/Homosapiens/VNM/26/2011","128:C;700:TT;745:TAAA;7333:GGT"
"EV71/Homosapiens/VNM/218/2011","128:C;700:TT;738:CTTA;749:TAAA;7335:G"
"EV71/Homosapiens/VNM/128/2012","128:C;700:T;737:CTTA;748:TAAA"
"EV71/Homosapiens/VNM/27/2011","128:C;700:TT;745:TAAA;7333:GGT"
"EV71/Homosapiens/VNM/28/2011","128:C;700:TT;738:CTTA;749:TAAA;7335:G"
"EV71/Homosapiens/VNM/98/2012","127:G;700:T;724:C;745:TAAA;7331:G"
"EV71/Homosapiens/VNM/238/2011","128:C;700:TT;738:CTTA;749:TAAA;7335:G"
"EV71/Homosapiens/VNM/58/2012","128:C;700:TT;738:CTTA;749:TAAA;7335:G"
"EV71/Homosapiens/VNM/171/2012","119:TT;702:T;742:TC"
"EV71/Homosapiens/VNM/156/2012","128:T;700:TT;738:CTTA;749:TAAA;7335:G"
"EV71/Homosapiens/VNM/211/2011","128:C;700:T;724:C;745:TAAA;7331:G"
"EV71/Homosapiens/VNM/151/2012","89:C;129:C;701:TT;739:CTTA;750:TAAA;7336:G"
"Puyang-461-2012","125:C;151:GCGCC;705:TT;750:TAAA;7336:G"
"EV71/Homosapiens/KHM/293/2012","128:C;700:TT;738:CTTA;749:TAAA;7335:G"
"EV71/P63/2013/China","9:C;99:CCCCCAA;136:C;713:CTGTG;756:CAAA;7347:TGTAC"
"02-1-043","119:TT;702:T;742:TC"
"EV71/Homosapiens/KHM/378/2012","128:C;700:TT;738:CTTA;749:TAAA;7335:G"
"02-0-065","119:TT;702:T;742:TC"
"02-1-065","119:TT;702:T;742:TC"
"EV71/SZ50/CHN/2014","9:C;99:CAG;132:C;155:GCGCT;708:CT;749:AGT;7339:G"
"THA_A761","700:T;730:ACC;743:TC;4136:A;4454:T"
"C4-ND-150_Vietnam_DongThap_2012-07-05",""
"Jena15-984","709:T;716:ACAC;733:GTGAA;7333:AGAGGCC"
"EVA71/Homosapiens/VNM/14.2/2012","699:TT;737:CTTA;748:TAAA;7311:TATCTGC"
"N380-Sendai-2012","119:TT;702:T;742:TC;4135:A"
"K398-Sendai-2006","98:CAG;131:C;703:GT;748:TAAA;7345:ATA"
"452-Yamagata-2003","128:C;700:G;744:TAAA;6362:GATGTGAGTAAA;7353:ATA"
"2000-Yamagata-2012","128:CT;702:T;732:ACC;745:TT"
"15NHP120","119:TT;702:T;742:TC;4135:A;7061:T"
"16NHP399","95:C;120:TT;153:GCGCG;747:TC"
"16NHP453","119:TT;702:T;742:TC"
"2019-EV-A71-R400","9:C;96:C;106:C;131:CT;714:T;721:ACAC;736:TCGTG;7355:CAC"
"2019-EV-A71-R477","9:C;96:C;106:C;131:CT;714:T;721:ACAC;736:TCGTG;7355:CAC"
"2019-EV-A71-R405","9:C;129:C;700:TT;726:C;742:AGT;7332:G"
"SK-EV006/Malaysia/97","9:C;64:A;120:AT;704:T;721:CT;744:AGT"
"C7/Osaka-LPS1","9:C;119:AT;703:T;720:CT;745:TC"
"17000","128:CT;731:ACC;747:TAAA;4798:CCG;5430:GC;6175:T"
"10196","66:ATT;72:CAAT;135:CT;738:ACC;749:AGT;4804:CCG;5436:GC;6181:T"
"1245a/98/tw","0:T;10:C;92:T;98:TC;133:AC;693:AT;708:G;749:TC"
"804/NO/03","9:C;91:TT;131:GC;734:ACC;746:GTC;3823:T"
"E2005125-TW","9:C;96:TC;131:AC;704:GT;736:AAC;743:AT;7347:TG"
"LR-CH-06","87:C;129:AC;740:AGT;3818:T"
"523-07T/SD/CHN/07","9:C;129:C;702:TC;746:TAAA;7343:ATA"
"TC03F/SD/CHN/07","9:C;129:C;701:GT;746:TAAA;7343:ATA"
"NUH0075/SIN/08","90:TT;130:GC;705:T;744:TC"
"S0318-TW01","9:C;64:A;120:AT;704:T;744:TC"
"238-TW86","9:C;102:G;121:TG;743:TT;6167:T"
"252-TW86","9:C;96:C;121:TG;743:TT;6167:T"
"BJ08-Z011-4","9:C;99:CAG;132:C;704:TT;749:TAAA;7335:G"
"TW/1956/05","128:C;700:GT;745:TAAA;5425:GC;7333:G"
"TW/2728/04","88:A;129:C;701:GT;746:TAAA;7343:ATA"
"TW/2815/04","88:A;129:C;702:TC;746:TAAA;7343:ATA"
"TW/2824/04","88:A;129:C;701:GT;726:CTCGACCCTC;7349:ATA"
"GX/LZ08-04/08/CHN","9:C;99:CAG;132:C;704:T;748:TAAA;7345:ATA"
"C2/FY08-C30","88:A;129:C;701:TT;746:TAAA;6390:T;7333:G"
"BJ398","9:C;129:C;701:TT;739:CTTA;750:TAAA;7336:G"
"BJ393","9:C;99:CAG;132:C;704:GT;749:TAAA;7346:ATA"
"LN009","9:C;99:CAG;132:C;704:TT;749:TAAA;7335:G"
"EV053_07","128:AC;688:AT;703:G;744:TC"
"MP4","9:C;91:T;97:TC;132:AC;745:TC"
"G288-927F/HeN/CHN/2009","9:C;99:CAG;132:C;704:TT;749:TAAA;7335:G"
"GD-DG2011-9","9:C;99:CAG;132:C;704:TT;736:ACC;752:TAAA;7338:G;7388:GGT"
"SDLY11","9:C;99:CAG;132:C;704:TT;736:ACC;749:CT;7336:G"
"N1745-TW08/VP1-E145Q","9:C;64:A;121:TT;704:T;744:TC"
"N7008-TW99/VP1-E98K+Q145E","9:C;64:A;97:C;121:AT;705:T;734:AAC;746:AGT"
"SHAPHC5287/SH/CHN/14","9:C;129:C;152:GCGCT;705:CT;746:AGT;7336:G"
"SHAPHC5218/SH/CHN/14","9:C;129:C;152:GCGCT;706:TT;730:TCTTGACTCT;7343:G"
"SHAPHC5307/SH/CHN/14","9:C;129:C;701:TT;746:TAAA;7332:GAGGC"
"SHAPHC5432/SH/CHN/14","9:C;99:CAG;132:C;706:T;735:ACC;751:TAAA;7337:G"
"SEP024","9:C;129:C;701:TT;739:CTTA;750:TAAA;7336:G"
"SiICRC16/TH/2011","63:A;120:TT;710:AC;744:TC;4137:A"
"SiICRC03/TH/2012","63:A;120:TT;703:T;743:TC;4136:A"
"2015g03","9:C;129:C;703:T;732:ACC;748:TAAA;7334:G"
"31170202","700:T;740:TC"
"C7/Osaka/Japan/97","9:C;119:AT;703:T;720:CT;745:TC"
"SI/Isehara/Japan/99","9:C;91:TT;131:AC;744:TT"
"N384-Sendai-2012","119:TT;702:T;742:TC;4135:A"
"N377-Sendai-2012","119:TT;702:T;742:TC;4135:A"
"56-Yamagata-2007","128:C;700:GT;745:TAAA;7333:GG"
"15NHP105","95:C;120:TT;703:T;743:TT"
"16NHP373","95:C;120:TT;703:T;743:TT"
"16NHP462","119:TT;702:T;742:TC;4135:A"
"CF097017","9:C;129:AC;732:ACC;743:AGT;3821:T;3923:T;7344:TT"
"GRE29","9:C;129:AC;740:AGG;3818:T"
"CAE-CEN-BIY-146-08","9:C;64:G;90:A;122:TGAGC;737:ATC;747:TAG"
"R186/YN/CHN/2009","9:C;129:C;710:T;745:TAAA"
"R6_TUN","9:C;91:TT;131:AC;706:T;745:TC"
"EV71/SZ17/CHN/2013","9:C;99:CAG;132:C;155:GCGCT;708:CT;749:AGT;7339:G;7404:T"
"KW24/YN/CHN/2012","9:GC;100:CAG;133:C;705:TT;750:TAAA"
"RW40/YN/CHN/2012","9:C;129:C;701:TT;739:CAG;7331:G"
"RW46/YN/CHN/2012","9:C;129:C;701:T;732:ACC;748:TAAA;7334:G"
"15-355","86:TA;130:AC;703:GT;743:AGT;3821:T"
"DK16-05","669:A;687:ATTA;733:GTGAA"
"MS/7423/87","128:CT;718:CT;727:AACTCTCA"
"MRT-14-250","90:TT;130:AT;704:TC;745:TC;3820:C"
"TW-01641-2005","9:C;129:C;701:GT;746:TAAA;7343:ATA"
"TW-70389-2008","9:C;64:A;121:TT;704:T;744:TC"
"TW-96050-2010","9:C;99:CAG;132:C;713:T;731:G;749:TAAA;7335:G"
"TW-01744-2012","9:C;129:CT;703:T;733:ACC;746:TT"
"TW-50490-2012","9:C;129:CT;703:T;733:ACC;746:TT"
"TW-50995-2012","9:C;129:CT;703:T;733:ACC;746:TT"
"4N","63:A;89:A;106:C;131:CT;714:T;721:ACAC;738:GTGAA;7338:AGAGGCC"
"100-p36-T3",""
"101-p0",""
"101-p12",""
"101-p31-T1",""
"B5-3","88:G;120:TT;703:T;743:TC"
"B5-6","119:TT;303:T;703:T;743:TC;4136:A"
"B5-11","95:C;120:TT;703:T;743:TT"
"B5-12","95:C;120:TT;703:T;743:TT"
"B5-16","95:C;120:TT;703:T;743:TT"
"B5-35","95:C;120:TT;703:T;743:TC"
"B5-43","95:C;120:TT;742:TC"
"B5-38","88:G;120:TT;703:T;743:TC"
"B5-44","119:TT;702:T;742:TC"
"B5-52","119:TT;702:T;742:TT"
"B5-57","119:TT;702:T;742:TC"
"B5-58","119:TT;702:T;742:TC"
"B5-59","119:TT;702:T;742:TC"
"B5-63","119:TT;702:T;742:TC"
"B5-69","119:TT;702:T;742:TC;4135:A"
"B5-75","119:TT;702:T;742:TC;4135:A"
"B5-78","119:TT;702:T;742:TC;4135:A"
"B5-88","118:TT;702:T;742:TC;4135:A;7061:T"
"B5-91","119:TT;702:T;742:TC;4135:A"
"B5-89","119:TT;702:T;742:TC;4135:A"
"B5-94","119:TT;702:T;742:TC;4135:A"
"B5-95","119:TT;702:T;742:TC;4135:A"
"B5-106","119:TT;741:TC"
"B5-110","119:TT;700:G;740:AAT;7061:T"
"B5-119","119:TT;702:T;740:AGT;7063:C"
"B5-130","63:A;120:TT;694:C;733:ACC;744:AAT"
"K17245","0:T;10:C;100:CAG;133:C;156:GCGCT;696:CATTAA;754:AGT;7344:G"
"413-C1/YN/CHN/2016","119:TT;703:T;742:TC;7062:C"
"USA/2018-23298","9:C;129:CT;712:T;717:TGA;722:C;736:GTGAA;7336:AGAGGCC"
"TLLbeta","9:C;119:AT;703:T;720:CT;743:AGT"
"F6","9:C;64:A;121:TT;704:T;744:TC"
"2019-EV-A71-R398","9:C;96:C;106:C;131:CT;714:T;721:ACAC;736:TCGTG;7355:CAC"
"2019-EV-A71-R798","9:C;96:C;106:C;131:CT;714:T;721:ACAC;736:TCGTG;7355:CAC"
"02363-Thai-02","9:C;129:GC;732:ACC;743:AGT;3821:T"
"3799-SIN-98","9:C;64:A;120:AT;182:T;705:T;722:CT;745:AGT;7351:TAC"
"S19841-SAR-03","9:C;64:A;121:TT;704:T;744:TC;7064:C"
"EV71/Jiangsu.P.R.C/07.08/10","98:CAG;131:C;703:GT;748:TAAA"
"EV71/Ningbo.CHN/002/2010","9:C;129:C;701:TT;723:TATCTCGACC;7338:G"
"CQ03-1/CQ/CHN/2003","98:CAG;131:C;703:GT;728:CTTGACCTTC;7351:ATA"
"V05-2243055","9:C;99:CAG;132:C;704:GT;744:AGT;7345:ATA"
"V07-2231013","9:C;99:CAG;132:C;704:GT;749:TAAA;7346:ATA"
"V08-2221581","9:C;99:CAG;132:C;704:TT;749:TAAA;7346:ATA"
"SH12-276","9:C;129:C;701:TT;740:TAG;7331:G"
"HNCZ/201208","9:C;129:C;152:GCGCT;706:TT;751:TAAA;7337:G"
"B5-03172-TW-2011","9:C;129:CT;703:T;733:ACC;746:TT;7386:CCCTCCA;7402:CC;7420:CTGGA"
"M707-TW08","9:C;64:A;121:TT;704:T;744:TC"
"M202-TW12","9:C;129:CT;703:T;733:ACC;746:TT"
"EV71/Homosapiens/VNM/152/2012","119:TT;702:T;742:TC;4135:A"
"EV71/Homosapiens/VNM/123/2012","119:TT;702:T;719:GC;744:TC;4137:A"
"EV71/Homosapiens/VNM/200/2011","128:C;700:T;703:T;738:CTTA;749:TAAA;7335:G"
"EV71/Homosapiens/VNM/197/2011","128:C;743:TAAA;7329:G"
"EV71/Homosapiens/VNM/143/2012","128:C;700:TT;738:CTTA;749:TAAA;7335:G"
"EV71/Homosapiens/VNM/161/2012","128:C;700:TT;745:TAAA;7333:GGT"
"EV71/Homosapiens/VNM/23/2011","128:C;700:TT;738:CTTA;749:TAAA;7335:G"
"EV71/Homosapiens/VNM/116/2012","128:C;700:TT;738:GCA;7330:G"
"EV71/Homosapiens/VNM/93/2012","128:C;700:TT;745:TAAA;7333:GGT"
"EV71/Homosapiens/VNM/245/2011","128:C;700:TT;738:CTTA;749:TAAA;7335:G"
"EV71/Homosapiens/VNM/168/2012","63:A;120:TT;703:T;733:ACC;746:TT"
"EV71/Homosapiens/VNM/15/2011","95:TC;130:AT;703:GT;711:T;736:AAC;743:AT;7069:C;7348:TG"
"EV71/Homosapiens/VNM/229/2011","128:C;700:CT;738:CTTA;749:TAAA;7346:ATA"
"EV71/Homosapiens/VNM/108/2012","128:C;700:TT;738:CTTA;749:TAAA;7335:G"
"EV71/Homosapiens/VNM/176/2012","119:TT;702:T;742:TC;4135:A"
"EV71/Homosapiens/VNM/44/2012","128:C;700:T;724:C;745:TAAA;7331:G"
"EV71/Homosapiens/VNM/11/2011","128:C;700:T;737:CTTA;748:TAAA"
"EV71/Homosapiens/VNM/90/2012","128:C;700:TT;738:CTTA;749:TAAA;7335:G"
"EV71/Homosapiens/VNM/52/2012","128:C;700:TT;738:CTTA;749:TAAA;7335:G"
"EV71/Homosapiens/VNM/250/2011","128:C;700:TT;738:CTTA;749:TAAA;6393:T"
"EV71/Homosapiens/VNM/77/2012","128:C;700:TT;745:TAAA;7333:GGT"
"EV71/Homosapiens/VNM/78/2012","128:C;700:TT;745:TAAA;7333:GGT"
"EV71/Homosapiens/VNM/16/2011","128:C;700:T;737:CTTA;748:TAAA"
"EV71/Homosapiens/VNM/72/2012","128:C;700:T;724:C;745:TAAA;7331:G"
"EV71/Homosapiens/VNM/1/2011","128:C;700:TT;738:CTTA;749:TAAA;7335:G"
"306A","9:C;99:CAG;132:C;704:GT;749:TAAA;7337:GGC"
"HuzhouE696/2012/CHN","9:C;99:CAG;131:T;155:GCGCT;709:TT;731:TATCTTGACC;7346:G"
"Henan-ZMD/CHN/2012","9:C;99:CAG;132:C;155:GCGCT;709:TT;754:TAAA;7340:G"
"EV71/P156/2013/China","9:C;99:CAG;132:C;155:GCGCT;709:TT;747:CTCA;758:TAAA;7344:G"
"EV71/Homosapiens/KHM/299/2012","128:C;700:TT;738:CTTA;749:TAAA;7340:TATAC"
"EV71/Homosapiens/KHM/287/2012","128:C;700:TT;745:TAAA;7331:G"
"EV71/Homosapiens/KHM/315/2013","128:C;700:TT;738:CTTA;749:TAAA;7335:G"
"EV71/Homosapiens/KHM/302/2012","97:CCA;131:C;703:TT;741:CTTA;752:TAAA;7338:G"
"EV71/Homosapiens/KHM/368/2012","128:C;700:TT;738:CTTA;749:TAAA;7335:G"
"02-0-079","95:C;120:TT;703:T;743:TC"
"02-1-008","119:TT;702:T;742:TY"
"02-0-023","119:TT;702:T;742:TC"
"02-0-024","88:G;120:TT;703:T;743:TC"
"C4","9:C;129:C;710:T;745:TAAA;7331:G"
"N7008-TW99/VP1-E98K","9:C;64:A;97:C;121:AT;705:T;734:AAC;746:AGT"
"C4-ND-152_Vietnam_VinhLong_2012-07-16",""
"C4-ND-153_Vietnam_HoChiMinh_2012-07-23",""
"44930/BE/DE2015","686:ATTA;732:GTGAA;7332:AGAGGCC"
"44932/BE/DE2015","686:ATTA;732:GTGAA"
"44172/RP/DE2015","686:ATTA;732:GTGAA;7332:AGAGGCC"
"SHAPHC5589/SH/CHN/14","9:C;129:C;701:TT;726:C;747:TAAA;7333:G"
"SI01/TH_NMA_/06","98:CAG;131:T;703:GT;742:CAT;5350:TAGA"
"EVA71/Homosapiens/VNM/13.1/2012","128:C;700:TT;745:TAAA"
"EVA71/Homosapiens/VNM/12.2/2013","700:T;730:ACC;743:TT;6291:CTCTGCA"
"31170101","128:TT;688:ATTA;734:GTGAA"
"Huainan201403","9:C;129:C;701:TT;741:AGT;7342:ATA"
"Huainan201405","98:CAG;131:C;702:CT;748:TAAA;4799:CCG;7337:G"
"SK-EV006-org","9:C;64:A;120:AT;704:T;721:CT;744:AGT"
"SK-EV006-LPS1","9:C;64:A;120:AT;704:T;721:CT;744:AGT"
"480","95:C;129:AC;732:ACC;743:AGT"
"365","90:TT;130:AC;743:TC"
"TW/2086/98","44:C;91:T;97:TCC;691:AT;706:G;747:TC;4799:CCG"
"SHZH98","736:CAG;5421:GC"
"Tainan/4643/98","9:C;91:T;97:TC;132:AC;692:AT;707:G;748:TC"
"03-KOR-00","9:C;91:TT;131:AC;730:G;745:TT;3820:T"
"7F-AUS-6-99","9:C;91:TT;131:AC;744:TC"
"E2004104-TW-CDC","9:C;89:A;130:C;702:GT;747:TAAA;1040:T;2919:CACC;2929:AA;7351:ATA"
"N3340-TW-02","9:C;129:C;702:TC;741:AG;7330:G;7339:C"
"EV71/Fuyang.Anhui.P.R.C/17.08/2","9:C;99:CAG;132:C;704:TT;749:TAAA;7335:G"
"EV71/Zhejiang08","0:T;10:C;100:CAG;133:C;705:GT;750:TAAA;7347:ATA"
"DTID/ZJU-62","9:C;99:CAG;132:C;704:T;748:TAAA;7334:G"
"EV71/GDSG/17/2008","9:C;99:CAG;132:C;704:GT;749:TAAA;7346:ATA"
"N2121-TW05","9:C;129:C;702:TC;726:CTTGACCCTC;7349:ATA"
"GZ-08-02","128:C;709:T;744:TAAA;7332:GG;7336:ATA"
"BJ08-Z020-1","9:C;99:CAG;132:C;704:TT;749:TAAA;7335:G"
"TW/1101/08","63:A;120:TT;703:T;743:TC"
"TW/2871/04","128:C;700:GT;745:TAAA;7342:ATA"
"TW/71552/05","88:A;129:C;701:GT;746:TAAA;7343:ATA"
"Chongqing2-09-China","9:C;83:T;130:C;702:TT;740:CTTA;751:TAAA;7348:GTA"
"FY23-K12","9:C;33:C;43:G;101:CAG;134:C;260:G;707:TT;752:TAAA;7338:G"
"BJ462","9:C;90:C;130:C;702:TT;747:TAAA;7333:G"
"2009-02877",""
"EV71/Henan/294/2010","0:T;10:C;57:T;101:CAG;134:C;139:A;707:TT;746:CAG;7337:G;7415:G"
"BJ06-SJS06","98:CAG;131:C;580:T;704:G;707:T;749:TAAA;7346:ATA"
"4044545","8:G;87:TA;131:AT;706:T;745:TC"
"2010FJLY008","128:C;700:T;721:TATCTCGACC;7341:TGTAC"
"AH08/06","9:C;99:CAG;132:C;704:GT;745:GCT;7345:ATA"
"EV123_07","128:AC;688:AT;703:G;744:TC"
"EV073_07","128:AC;688:AT;703:G;744:TC"
"JK2009","0:T;99:CAG;132:C;704:GT;749:TAAA;7346:ATA;7419:ATA"
"MP10","8:AG;84:T;131:C;703:TT;748:TAAA;7334:G;7404:A"
"NBChina01","9:C;128:T;701:TT;733:ACC;749:TAAA;7335:G"
"THA-EV71-002","128:AC;739:AGT;3817:T;3873:C"
"THA-EV71-044","128:C;700:G;703:T;745:TAAA"
"LCH01","128:C;700:GT;745:TAAA;7342:ATA"
"NB/2010/01","9:C;129:C;701:TT;746:TAAA;7332:GAGGT"
"M188-1181F/HeN/CHN/2009","9:C;129:C;701:TT;739:CTTA;750:TAAA;7336:G"
"MRS/09/3663","8:G;91:TT;119:TTGTGTAC;712:T;751:TC"
"EV71/Jinan1002","9:C;129:C;701:TT;746:TGAA;7332:G"
"EV71/Jinan1005","9:C;129:C;701:TT;746:TAAA;7332:G"
"HQ09231463","0:T;10:C;130:C;702:TT;740:CTCA;751:TAAA;5187:A;5432:AC;7340:G"
"BJ09/07","0:T;99:CAG;132:C;704:T;707:T;749:TAAA;7335:G"
"LAZ60-TR","9:C;87:G;130:AC;690:AT;705:G;746:CC"
"GD-DG2011-2","9:C;129:C;701:TT;733:ACC;749:TAAA;7335:G"
"SDLY153","9:C;99:CCCCAG;135:C;707:GT;729:TATCTTGACC;7344:GAGGT"
"FY17.08-6/AH/CHN/2008","98:CAG;131:C;703:TT;748:TAAA;7334:G"
"SD09-14/SD/CHN/2009","98:CAG;131:C;703:TT;748:TAAA;7334:G"
"SH-17/SH/CHN/2002","98:CAG;131:T;703:GT;743:AG;7343:ATA"
"V04-2218217","9:C;129:C;701:GT;737:AT;7341:ATA"
"HNCZ/201203","9:C;129:C;152:GCGCT;705:CT;728:TATCTTGACC;6375:GATGTGAGTAAA;7355:G"
"B5-NHRIH2011043-V110703172-TW-Nov-5-11",""
"SHZH98pro","98:CAG;131:C;703:GT;743:AG;5426:GC;7345:ATA"
"EV71/Queenmary/HongKong/2012","9:C;99:CAG;132:C;704:TT;749:TAAA;7335:G"
"H3-TY","0:A;10:C;100:CAG;133:C;705:TT;750:TAAA;3925:T;7337:G"
"M245-TW08","9:C;64:A;121:TT;704:T;744:TC"
"M668-TW08","9:C;64:A;121:TT;704:T;744:TC"
"M1288-TW08","9:C;122:TA;703:TC;744:TC"
"M617-TW12","9:C;129:CT;703:T;733:ACC;746:TT"
"EV71/NX10-147/2010","9:C;90:CC;131:C;703:TT;735:ACC;744:GCA;7336:GAGGT"
"C4a-01585-TW-2011","699:TT;721:TATCTTGACC"
"EV71/Homosapiens/VNM/178/2012","128:C;700:TT;738:CTTA;749:TAAA"
"EV71/Homosapiens/VNM/54/2012","128:C;700:T;724:C;745:TAAA;7331:G"
"EV71/Homosapiens/VNM/109/2012","128:C;700:TT;738:CTTA;749:TAAA;7335:G"
"EV71/Homosapiens/VNM/196/2011","128:C;700:T;737:CTTA;748:TAAA;7334:G"
"EV71/Homosapiens/VNM/37/2011","128:C;700:TT;745:TAAA;7333:GGT"
"EV71/Homosapiens/VNM/199/2011","95:TC;130:AT;703:GT;711:T;736:AAC;743:AT;7069:C;7348:TG"
"EV71/Homosapiens/VNM/185/2012","119:TT;702:T;742:TC;4135:A"
"EV71/Homosapiens/VNM/91/2012","128:C;709:T;737:CTTA;748:TAAA;5428:AC;7336:G"
"EV71/Homosapiens/VNM/189/2011","128:C;700:T;724:C;745:TAAA;7331:G"
"EV71/Homosapiens/VNM/170/2012","128:C;700:TT;738:CTTA;749:TAAA;7335:G"
"EV71/Homosapiens/VNM/55/2012","128:C;700:TT;738:CTTA;749:TAAA;7335:G"
"EV71/Homosapiens/VNM/230/2011","128:C;700:TT;738:CTTA;749:TAAA;7335:G"
"EV71/Homosapiens/VNM/50/2012","128:C;700:T;737:CTTA;748:TAAA;7334:G"
"EV71/Homosapiens/VNM/45/2012","128:C;700:T;737:CTTA;748:TAAA"
"EV71/Homosapiens/VNM/208/2011","128:C;700:TT;738:GCA;7330:G"
"EV71/Homosapiens/VNM/129/2012","119:TT;702:T;742:TC;4135:A"
"Laos2011HFMD12V","87:C;99:CAG;132:C;704:TT;749:TAAA;6393:T;7336:G"
"HFM008","128:C;700:TT;738:CTTA;749:TAAA;7335:G"
"SEP001","128:C;700:TT;738:CTTA;749:TAAA;7335:G"
"N0722-Sendai-2007","9:C;64:G;97:C;124:TA;933:A;1417:TCA;1625:GTGCCATTA;1957:G;1968:CG;2536:GTTGCAAGTACT;2684:CA;2762:A;2776:GGGTACACA;3181:TAGTATTAG;3346:GTGT;3354:GC"
"K282-Sendai-2012","119:TT;702:T;742:TC;4135:A"
"1499-Yamagata-2013","119:TT;709:GC;743:TC;4136:A"
"N133-Sendai-2006","9:C;99:CAG;132:C;704:GT;749:CAAA;7346:ATA"
"2498-Yamagata-2006","98:CAG;131:C;703:GT;748:TAAA;7345:ATA"
"15NHP009","0:GACA;13:C;124:TT;707:T;747:TC;4140:A"
"15NHP023","119:TT;702:T;742:TC"
"16NHP391","128:C;151:GCGCC;686:TGTGC;693:T;749:AGT;7339:G"
"R262/YN/CHN/2010","98:CAG;131:C;703:TT;748:TAAA;7334:G"
"R1/YN/CHN/2011","0:T;10:C;100:CAG;133:C;705:TT;750:TAAA;7336:G"
"DK16-03","686:ATTA;732:GTGAA;1476:A"
"TW-96102-2005","9:C;89:A;130:C;702:GT;747:TAAA;7344:ATA"
"TW-02389-2008","9:C;64:A;121:TT;711:AC;745:TC"
"TW-03530-2011","9:C;129:CT;703:T;733:ACC;746:TT"
"TW-01963-2012","9:C;129:CT;703:T;733:ACC;746:TT"
"TW-02664-2012","9:C;129:CT;703:T;733:ACC;746:TT"
"TW-50234-2012","9:C;129:CT;703:T;733:ACC;746:TT"
"TW-50558-2012","9:C;129:CT;701:G;733:ACC;746:TT"
"TW-51045-2012","9:C;129:CT;703:T;733:ACC;746:TT"
"160-50","9:C;99:CAG;132:C;155:GCGCT;708:CT;748:CAGT;7340:GAGGTTG"
"CMU4232/BJ/CHN/2008","9:C;99:CAG;132:C;704:GT;749:TAAA;7346:ATA"
"100-p31-T1",""
"100-p31-T2",""
"100-p35-T2",""
"101-p31-T2",""
"101-p35-T2",""
"101-p36-T1",""
"C4-1","128:C;700:TT;738:CTTA;749:TAAA;7335:G"
"B5-1","95:CC;121:TT;704:T;744:TC"
"B5-4","119:TT;303:T;703:T;743:TC"
"B5-9","95:C;120:TT;703:T;743:TT"
"B5-22","95:C;120:TT;703:T;743:TC"
"B5-28","95:C;120:TT;703:T;743:TC"
"B5-34","95:C;120:TT;742:TC"
"B5-42","95:C;120:TT;742:TC"
"B5-50","119:TT;702:T;742:TC"
"B5-51","119:TT;702:T;742:TC"
"B5-56","119:TT;702:T;742:TC"
"B5-71","119:TT;702:T;742:TC;4135:A"
"B5-84","119:TT;702:T;742:TC;4135:A"
"B5-86","119:TT;702:T;742:TC;4135:A;7061:T"
"B5-112","119:TT;702:T;742:TC"
"USA/CO/2018-23026","686:ATTA;695:CACAT;7332:AGAGGCC"
"S0254a","0:GACGGCCAGT;19:C;139:C;710:TT;751:AGT;7341:G"
"Sydney20",""
"wh064-CHN-2010","9:C;99:CAG;132:C;706:T;735:ACC;751:TAAA;7337:G"
"wh170-CHN-2012","9:C;99:CAG;132:C;706:T;735:ACC;751:TAAA;7337:G"
"R66/YN/CHN/2016","119:TT;741:TC"
"97/ST","9:C;119:AT;703:T;720:CT;743:AGT"
"TLLeCA16","9:C;64:A;120:AT;704:T;721:CT;744:AGT;938:A;1442:TGA;1953:G;1964:CG;2532:ATTGCAAGTACT;2680:CA;2771:AGG;2784:ACAGAT;2847:C;3177:TAGCATTAG"
"No.8","9:C;64:A;121:TT;704:T;744:TC"
"No.36","9:C;64:A;121:TT;711:AC;745:TC"
"20233","119:TG;718:TT;727:AACCCTCA;3824:T;5431:GC"
"10098","128:AT;731:ACC;742:AGT;3820:T"
"3692","90:TT;130:AC;705:T;744:TC"
"119798","8:G;87:TA;131:AT;706:T;745:TC"
"124098","8:G;87:TA;131:AT;706:T;745:TC;3440:A"
"EV71/Homosapiens/VNM/233/2011","128:C;700:TT;738:CTTA;749:TAAA;7335:G"
"Hau1","9:C;91:T;97:TC;132:AC;692:AT;707:G;748:TC"
"EV71/P267/2013/China","9:C;99:CAG;132:C;155:GCGCT;708:CT;749:AG;7338:G"
"EV71/P654/2013/China","9:C;99:CAG;132:C;155:GCGCT;708:CT;749:AGT;7339:G"
"EV71/P977/2013/China","9:C;99:CCCCCAA;136:C;708:T;745:CTTA;756:CAAA;7347:TGTAC"
"EV71/Homosapiens/KHM/260/2012","128:C;700:TT;738:CTTA;749:TAAA;7335:G"
"EV71/Homosapiens/KHM/304/2012","128:C;700:TT;738:CTTA;749:TAAA;7335:G"
"EV71/Homosapiens/KHM/342/2012","128:C;700:TT;725:C;746:TAAA;1876:CTGGAGGTTA"
"EV71/Homosapiens/KHM/392/2012","128:C;702:T;737:CTTA;748:TAAA;7334:G"
"EV71/Homosapiens/KHM/313/2012","699:TT;737:CTTA;748:TAAA"
"EV71/Homosapiens/KHM/295/2012","128:C;700:TT;738:CTTA;749:TAAA;7335:G"
"EV71/Homosapiens/KHM/311/2012","89:C;129:C;701:TT;739:CTTA;750:TAAA;7336:G"
"EV71/Homosapiens/KHM/275/2012","128:C;700:TT;738:CTTA;749:TAAA;7335:G"
"EV71/Homosapiens/KHM/394/2012","128:C;700:CT;738:CTTA;749:TAAA;6367:GATGTGAGTAAA;7358:ATA"
"EV71/Homosapiens/KHM/360/2012","128:C;700:CT;738:CTTA;749:TAAA"
"EV71/Homosapiens/KHM/367/2012","128:C;700:G;724:CTTGACCCTC"
"EV71/Homosapiens/KHM/336/2012","127:G;700:TT;745:TAAA;7331:G"
"EV71/Homosapiens/KHM/400/XXXX","128:C;700:TT;738:CTTA;749:TAAA;7335:G"
"02-0-071","119:TT;303:T;703:T;743:TC"
"03-0-003","119:TT;702:T;742:TC"
"VN152/2011","9:C;129:C;701:TT;739:CTTA;750:TAAA"
"THA_A641","119:TT;702:T;742:TC;4135:A"
"THA_A1570","119:TT;702:T;742:TC;4135:A"
"4/EV71/Wenzhou/CHN/2014","9:C;99:CAG;132:C;155:GCGCT;708:CT;754:TAAA;7351:ATA"
"N7008-TW99-9","9:C;64:A;97:C;121:AT;705:T;734:AAC;746:AGT"
"EV71/SZ42/CHN/2014","9:C;99:CAG;132:C;155:GCGCT;708:CT;749:AGT;7339:G"
"C4-ND-158_Vietnam_BenTre_2012-08-04",""
"BJ14-2","9:C;129:C;701:TT;746:CAAA;7347:ACC"
"SHAPHC5510/SH/CHN/14","9:C;99:CAG;132:C;706:T;725:TATCCTGACC;7340:G"
"SHAPHC5330/SH/CHN/14","9:C;129:C;152:GCGCT;706:TT;746:AACT;7337:G"
"SHAPHC5468/SH/CHN/14","9:C;129:C;701:TT;746:TAAA;7332:G"
"SiICRC10/TH/2011","9:C;64:A;121:TT;711:AC;745:TC;4138:A"
"SiICRC05/TH/2014","9:C;64:C;121:TT;704:T;744:TC;4137:A"
"SiICRC06/TH/2014","63:A;120:TT;703:T;741:AAT"
"SiICRC07/TH/2014","9:C;64:A;121:TT;704:T;744:TC;4137:A"
"32-YN","128:C;702:T;739:AGT;1650:C;7330:G"
"EVA71/Homosapiens/VNM/14.1/2012","699:TT;744:TAAA;2413:T"
"CCA","9:C;129:C;702:TC;746:TAAA;7343:ATA"
"STU546711","9:C;129:AT;740:AGT;3818:T;4619:T;4700:T"
"R176/YN/CHN/2009","9:C;88:C;130:C;702:G;741:AGT"
"K509/YN/CHN/2010","0:T;10:C;100:CAG;133:C;705:TT;750:TAAA;7336:G"
"R14/YN/CHN/2011","9:C;99:CAG;132:C;155:GCGCT;576:C;710:TT;755:TAAA;5435:AC;7343:GAGGTTG"
"4-23/XY/CHN/2017","9:C;129:C;152:GCGCT;687:TGTGC;694:T;750:AGT;7340:G"
"EV71/SHENZHEN001/2006","9:C;129:C;703:T;732:ACC;748:TAAA;7345:ATA;7392:G"
"DK07-04","700:GTC;740:A"
"EV71/CZTN01/CHN/2017","98:CAG;131:C;702:TT;728:C;744:AGT;7334:G"
"TW-50837-2016","9:C;129:C;710:T;740:AGT;7330:G"
"TW-01952-2005","9:C;129:C;701:GT;746:TAAA;7343:ATA"
"TW-70205-2005","9:C;89:A;130:C;702:GT;747:TAAA;7344:ATA"
"TW-01112-2012","9:C;120:TT;703:T;733:ACC;746:TT"
"TW-02131-2012","9:C;129:CT;703:T;733:ACC;746:TT"
"Huainan201401","9:C;129:C;701:TT;741:AGT;7342:ATA"
"100-p12",""
"100-p17-T1",""
"100-p35-T3",""
"101-p35-T1",""
"101-p36-T2",""
"C4-2","128:C;700:TT;738:CTTA;749:TAAA;7335:G"
"B5-2","95:C;120:TT;569:C;704:T;744:TT"
"B5-5","119:TT;303:T;703:T;743:TC"
"B5-7","95:C;120:TT;703:T;743:TT"
"B5-15","95:C;120:TT;703:T;743:TT"
"B5-20","95:C;120:TT;703:T;743:TC"
"B5-24","95:C;120:TT;703:T;743:TC"
"B5-27","95:C;120:TT;703:T;743:TC;4136:A"
"B5-32","95:C;120:TT;703:T;743:TC"
"B5-41","95:C;120:TT;742:TC"
"B5-55","119:TT;702:T;742:TC"
"B5-53","119:TT;741:TC"
"B5-65","119:TT;702:T;742:TC;4135:A"
"B5-96","119:TT;702:T;742:TC;4135:A"
"B5-97","119:TT;702:T;740:AGT"
"B5-116","119:TT;702:T;742:TC"
"B5-126","63:A;120:TT;703:T;733:ACC;744:AAT"
"B5-133","63:A;120:TT;703:T;733:ACC;744:AAT"
"Sydney09",""
"B5-128","63:A;120:TT;703:T;733:ACC;744:AAT"
"Sydney05",""
"USA/2018-23124","89:AC;130:CT;713:T;718:TGA;723:C;737:GTGAA;7337:AGAGGCC"
"G08","9:C;90:T;130:C;702:GT;747:TAAA;7344:ATA"
"10S3","9:C;117:TTGTGTAC;710:T;749:TC"
"A106/YN/CHN/2016","119:TT;702:T;740:AGT;4136:A"
"G63/YN/CHN/2016","119:TT;741:TC"
"1095-org","9:C;83:T;130:AC;690:AT;705:GT;733:G;748:TC"
"16173","128:CT;731:ACC;742:AGT;6169:T"
"1416","128:AC;731:ACC;742:AGT;3820:T;6361:GCGATGT;6371:TAA"
"SHZH03","128:C;700:GT;732:ACC;748:TAAA;6366:GATGTGAGTAAA;7357:ATA;7397:C"
"pinf7-54A","9:C;91:T;97:TC;132:AC;692:AT;707:G;748:TC"
"SB2864-SAR-00","9:C;64:A;120:AT;704:T;744:TC"
"MY821-3-SAR-97","9:C;64:A;120:AT;704:T;721:CT;744:AGT"
"MY104-9-SAR-97","9:C;64:A;120:AT;704:T;721:CT;744:AGT"
"CSF-CH-06","87:C;129:AC;740:AGT;3818:T"
"DTID/ZJU-74","9:C;99:CAG;132:C;704:TT;749:TAAA;7335:G"
"EV71/GDFS/3/2008","9:C;89:A;130:C;702:G;746:TAAA;7332:G"
"N7008-TW99","9:C;64:A;97:C;121:AT;705:T;734:AAC;746:AGT"
"Henan2-09-China","128:C;708:C;744:TAAA;7330:G"
"Fuyang-0805","9:C;99:CAG;132:C;704:TT;749:TAAA;7335:G"
"FY23-K14","0:T;99:CAG;132:C;704:TT;749:TAAA;7335:G"
"2009-03531","63:A;120:TT;703:T;743:TC"
"EV71/HENAN/DC/2010","8:AG;100:CAG;133:C;705:TT;750:TAAA;7336:G"
"KMM/09","9:C;88:C;130:C;711:T;746:TAAA;5671:AAT"
"EV003_07","128:AC;688:AT;703:G;744:TC"
"EV71/JN200803","9:C;99:CAG;132:C;704:TT;749:TAAA;7335:G"
"Fuyang200805","8:AG;84:T;131:C;703:TT;748:TAAA;7334:G;7404:A"
"Xiangyang-Hubei-09","5418:GC"
"EV71/Jinan1006","9:C;129:C;701:TT;746:TAAA;6396:T;7333:G"
"EV71/Ningbo.CHN/107-2/2009","0:T;10:C;100:CAG;133:C;705:TT;750:TAAA;7336:GAGGT"
"GD-DG2011-1","9:C;129:C;701:TT;733:ACC;749:TAAA;7335:G"
"SDLY107","9:C;99:CAG;132:C;155:GCGCT;709:TT;754:TAAA;7340:G"
"FY17.08-5/AH/CHN/2008","128:C;700:TT;745:TAAA;7331:G"
"202/Jingdezhen/China/HFMD_Severe/2011","9:C;129:C;701:T;745:TAAA;3806:G;7332:G"
"V08-2236079","9:C;91:TT;131:GC;706:T;745:TC"
"V10-2234054","9:C;129:C;701:TT;746:TAAA;7332:G"
"SH12-036","9:C;129:C;701:TT;746:TAAA;7332:G"
"HNCZ/201211","9:C;129:C;701:TT;733:ACC;749:TAAA;7335:G"
"B5-96015-TW-2012","9:C;129:CT;703:T;733:ACC;746:TT"
"TLLmv","9:C;64:A;120:AT;675:TTTC;708:T"
"M448-TW08","9:C;64:A;121:TT;704:T;744:TC"
"M1473-TW08","9:C;64:A;121:TT;704:T;744:TC"
"M1644-TW08","9:C;64:A;121:TT;704:T;744:TC"
"M538-TW12","9:C;129:CT;703:T;733:ACC;746:TT"
"EV71/Hun12-14/2012","9:C;129:C;701:TT;726:C;747:TAAA;7333:G;7363:G"
"EV71/GD10-12/2010","9:C;99:CAG;132:C;704:TT;749:TAAA;7335:G"
"EV71/GD10-45/2010","9:C;99:CAG;132:C;704:GT;749:TAAG;7346:ATA"
"EV71/Homosapiens/VNM/75/2012","128:C;700:TT;738:CTTA;749:TAAA;6393:T;7336:G"
"Hubei-HG/CHN/2012","9:C;99:CAG;132:C;704:TT;749:TAAA;7335:G"
"EV71/Homosapiens/VNM/35/2011","128:C;700:TT;738:CTTA;749:TAAA;7335:G"
"EV71/Homosapiens/VNM/39/2011","128:C;700:TT;738:CTTA;749:TAAA;7335:GAGGT"
"EV71/Homosapiens/VNM/57/2012","128:C;700:TT;738:CTTA;749:TAAA;7335:G"
"EV71/Homosapiens/VNM/193/2011","128:C;700:T;737:CTTA;748:TAAA;7334:G"
"EV71/Homosapiens/VNM/225/2011","128:C;700:C;737:CTTA;748:TAAA;7345:ATA"
"EV71/Homosapiens/VNM/41/2011","128:C;700:TT;745:TAAA;7333:GGT"
"EV71/Homosapiens/VNM/9/2011","128:C;700:TT;745:TAAA;7331:G"
"EV71/Homosapiens/VNM/25/2011","128:C;700:TT;738:CTTA;749:TAAA;7335:G"
"EV71/Homosapiens/VNM/186/2011","128:C;743:TAAA;7329:G"
"EV71/Homosapiens/VNM/198/2011","128:C;700:TT;738:GCA;7330:G"
"EV71/Homosapiens/VNM/71/2012","128:C;700:TT;745:TAAA;7333:GGT"
"EV71/Homosapiens/VNM/138/2012","128:C;700:TT;738:CTTA;749:TAAA;4042:G;7336:G"
"EV71/Homosapiens/VNM/67/2012","128:C;700:TT;738:CTTA;749:TAAA;7335:G"
"EV71/Homosapiens/VNM/33/2011","128:C;700:TT;738:CTTA;749:TAAA;7335:G"
"EV71/Homosapiens/VNM/14/2011","128:C;700:T;724:C;745:TAAA;7331:G"
"EV71/Homosapiens/VNM/206/2011","128:C;700:T;724:C;745:TAAA;7331:G"
"EV71/Homosapiens/VNM/113/2012","119:TT;702:T;719:GC;744:TC;4137:A"
"EV71/Homosapiens/VNM/236/2011","128:C;700:CT;738:CTTA;749:TAAA;7346:ATA"
"EV71/Homosapiens/VNM/163/2012","128:C;700:TT;745:TAAA;7333:GGT"
"EV71/Homosapiens/VNM/227/2011","128:C;700:TT;738:CTTA;749:TAAA;7335:G"
"EV71/Homosapiens/VNM/47/2012","128:C;700:TT;745:TAAA;7333:GGT"
"EV71/Homosapiens/VNM/167/2012","128:C;708:C;744:TAAA;6388:T;7342:ATA"
"EV71/Homosapiens/VNM/89/2012","128:C;700:TT;745:TAAA;7333:GGT"
"EV71/Homosapiens/VNM/192/2011","119:TT;702:T;742:TC;4135:A"
"EV71/Homosapiens/VNM/59/2012","128:C;700:TT;738:CTTA;749:TAAA;7335:G"
"Puyang-451-2012","125:C;151:GCGCT;705:TT;750:TAAA;7336:G"
"2008-43-16","0:T;10:C;130:C;702:TT;741:TAG;7343:ATA"
"2006-52-9","0:T;10:C;100:CAG;133:C;705:GT;750:TAAA;7347:ATA"
"IM11","9:C;129:C;710:T;725:CTTGACCCTC;7339:GGT;7411:T"
"Taipei/C4-Y100-P5/2011","98:CAG;131:C;712:T;747:TAAA;7333:G"
"EV71/P1027/2013/China","9:C;99:CCCCCAA;136:C;708:TT;753:CAAA;7350:GTA"
"EV71/Homosapiens/KHM/384/2012","128:C;700:TT;738:CTTA;749:TAAA;7335:G"
"EV71/Homosapiens/KHM/284/2012","699:TT;724:C;745:TAAA"
"EV71/Homosapiens/KHM/359/2012","98:CAG;131:C;154:GCGCT;708:TT;753:TAAA;7339:G"
"EV71/Homosapiens/KHM/298/2012","128:C;700:TT;738:CTTA;749:TAAA;7335:G"
"EV71/Homosapiens/KHM/274/2012","707:AC;741:TC;4134:A"
"02-0-070","88:G;120:TT;703:T;743:TC"
"THA_A578","119:TT;702:T;732:ACC;745:TC;4138:A"
"THA_A851","119:TT;702:T;732:ACC;745:TC;4138:A"
"THA_A577","119:TT;702:T;732:ACC;745:TC;4138:A"
"11/EV71/Wenzhou/CHN/2014","9:C;99:CAG;132:C;155:GCGCT;709:TT;734:C;755:TAAA;7341:G"
"120/EV71/Wenzhou/CHN/2014","9:C;99:CAG;132:C;703:GT;749:CAAA;7340:TGTAC"
"N7008-TW99/VP1-E164D","9:C;64:A;97:C;121:AT;705:T;734:AAC;746:AGT"
"EV71/SZ25/CHN/2014","9:C;42:CTTCCG;105:CAG;138:C;710:TT;755:CAAA;7341:G"
"EV71/SZ88/CHN/2014","9:C;99:CAG;132:C;155:GCGCT;708:CT;749:AGT;7339:G"
"C4-ND-200_Vietnam_HoChiMinh_2012-03-28",""
"43538/MV/DE2015","686:ATTA;732:GTGAA"
"HFM040","9:C;129:C;701:TT;739:CTTA;750:TAAA;7336:G"
"HFM057","9:C;129:C;703:T;738:CTTA;749:TAAA;7335:G"
"SEP042","699:CT;737:CTTA;748:TAAA;7334:G"
"N343-Sendai-2012","119:TT;702:T;742:TC;4135:A"
"K528-Sendai-2003","98:CAG;131:C;707:C;711:GG;749:TAAA;6367:GATGTGAGTAAA;7347:G"
"K258-Sendai-2003","128:C;700:G;744:TAAA;6362:GATGTGAGTAAA;7353:ATA"
"100-Yamagata-2003","128:C;700:G;744:TAAA;6362:GATGTGAGTAAA;7353:ATA"
"15NHP019","0:A;10:C;97:C;122:TT;705:T;745:TC;4455:T;7066:C"
"15NHP152","119:TT;702:T;742:TC;4135:A;7061:T"
"15NHP226","119:TT;702:T;742:TC;4135:A;7061:T"
"16NHP450","95:C;120:TT;742:TC"
"16NHP475","128:C;151:GCGCT;579:T;705:C;727:TATCTTGACC;7342:G"
"E1/ZS/CHZ/2009","9:C;99:CAG;132:C;704:TT;749:TAAA;7335:G"
"TLLalpha-P20","9:C;64:A;120:AT;704:T;721:CT;744:AGT"
"TLLalpha","9:C;119:AT;703:T;720:CT;743:AGT"
"F7","9:C;64:A;121:TT;704:T;744:TC"
"F22","9:C;64:A;121:TT;704:T;744:TC"
"No.22","9:C;64:A;121:TT;704:T;744:TC"
"1095-LPS1","9:C;83:T;130:AC;690:AT;705:GT;733:G;748:TC"
"C7/Osaka-org","9:C;119:AT;703:T;720:CT;745:TC"
"75-Yamagata-org","9:C;129:C;701:G;745:TAAA;6363:GATGTGAGTAAA;7354:ATA"
"2485","90:TT;130:AC;705:T;744:TC"
"TW/2272/98","90:T;96:TCC;690:AT;705:G;746:TC;4798:CCG;5514:A"
"10118","116:TTGTGTGC;709:T;748:TC"
"ENT/PM/SHA71","90:TT;130:AC;690:AT;705:G;744:AAT"
"EV71/SAR/SHA63","63:A;119:AT;703:T;720:CT;743:AGT"
"E2002042-TW-CDC","0:T;10:C;65:A;131:CT;705:T;745:TC"
"PLday4-CH-06","87:C;129:AC;740:AGT;3818:T"
"FY23","9:C;31:C;43:G;101:CAG;134:C;260:G;707:TT;752:TAAA;7338:G"
"244-TW86","9:C;102:G;121:TG;743:TT;6167:T"
"BJ08-Z004-3","9:C;99:CAG;132:C;704:GT;736:ACC;752:TAAA;6370:GATGTGAGTAAA;7361:GTA"
"GZ-08-03","98:CAG;131:C;703:TT;748:TAAA;7334:G"
"121/SHENZHEN/08/China/HFMDFatal/2008","98:CAG;131:C;703:G;706:T;748:TAAA"
"605/SHENZHEN/08/China/HFMDSevere/2008","98:CAG;131:C;703:TT;748:TAAA;7345:ATA"
"TW/70902/08","119:TT;702:TC;743:TC"
"TW/71428/05","128:C;700:GT;745:TAAA;7333:GG;7337:A;7342:C"
"EV71-Hubei-09-China","9:C"
"SZ/HK08-5","9:C;89:G;130:C;702:GT;747:TAAA;7333:G"
"BJ366","9:C;99:CAG;132:C;704:GT;749:TAAA;7335:G"
"87-2008Xi'anShaanxi","9:C;99:CAG;132:C;704:GT;749:TAAA;7337:GG"
"2008-07776","63:A;89:G;129:CA;578:C;714:T;723:ACCTTATAC;748:AT;7072:T;7339:TTAGAGG"
"HUN/1978","9:C;129:CT;732:ACC;743:AGT;5427:GC;6172:T"
"EV063_04","91:T;96:TC;131:AC;734:ACC;745:AGT"
"EV049_07","128:AC;688:AT;703:G;744:TC"
"Guangdong2009","9:C;129:C;701:G;704:T;746:TAAA"
"M186-1179F/HeN/CHN/2009","9:C;129:C;701:TT;739:CTTA;750:TAAA;7336:G"
"GD-DG2011-5","9:C;129:C;701:TT;733:ACC;749:TAAA;7335:G"
"SDLY48","9:C;99:CAG;132:C;704:TT;749:TAAA;7346:GTA"
"BJ14-1","9:C;129:C;701:TT;746:CAAA;7334:GG;7338:GTA"
"SHAPHC5251/SH/CHN/14","9:C;129:C;152:GCGCT;706:TT;746:AACT;7337:G"
"SiICRC01/TH/2012","63:A;120:TT;703:T;743:TC;4136:A"
"SiICRC10/TH/2012","119:TT;702:T;742:TC"
"SiICRC01/TH/2013","63:A;120:TT;710:AC;744:TC;4137:A"
"301",""
"SiICRC13/TH/2011","9:C;64:A;121:TT;704:T;744:TC;4137:A"
"31170098","119:TT;702:T;742:TC"
"STU562356","9:C;129:AC;732:ACC;743:AGT;3821:C;6362:GCGATGTTAG"
"CF210042","9:C;129:AC;740:ATT;3818:T"
"MAD-3126-11","9:C;64:G;97:C;129:CTCA;718:A;729:AT;739:ATC;751:GTT;3828:C"
"EV-A71-C4-MAD-2017-7366","128:C;702:T;744:TAAA"
"R134/YN/CHN/2009","9:C;99:CAG;132:C;704:TT;749:TAAA;7346:ATA"
"R464/YN/CHN/2010","9:C;99:CAG;132:C;155:GCGCT;576:C;710:TT;755:TAAA;7341:G"
"R615/YN/CHN/2010","0:T;10:C;100:CAG;133:C;156:GCGCT;710:TT;755:TAAA;7341:G"
"R17/YN/CHN/2011","9:C;99:CAG;132:C;704:TT;749:TAAA;7335:G"
"K36/YN/CHN/2013","0:T;10:C;100:CAG;133:C;156:GCGCT;709:CT;750:AGT;7340:G"
"30-2/2015/BJ","9:C;129:GC;684:GT;705:GTC;737:ACC;746:TCA"
"DK07-02",""
"TW-50996-2015","9:C;129:C;710:T;740:AGT;7330:G"
"TW-00921-2015","9:C;64:A;121:TT;704:T;744:TC;4137:A"
"TW-00998-2005","9:C;89:A;130:C;703:TC;747:TAAA;7344:ATA"
"TW-70954-2008","9:C;64:A;121:TT;704:T;744:TT"
"TW-72031-2008","9:C;64:A;121:TT;704:T;734:ACC;747:TC"
"TW-71215-2011","9:C;129:C;701:TT;723:TATCTTGACC"
"TW-01807-2012","9:C;129:CT;701:G;733:ACC;746:TT"
"TW-01889-2012","9:C;129:CT;703:T;733:ACC;744:AATT;7385:C"
"TW-01904-2012","9:C;129:CT;703:T;733:ACC;746:TT"
"5N","88:A;105:C;130:CT;713:T;720:ACAC;737:GTGAA;7337:AGAGGCC"
"6N","88:A;105:C;130:CT;713:T;720:ACAC;737:GTGAA;7337:AGAGGTC"
"100-p0",""
"C068/CHW/AUS/2016","116:TTGTGTGC;708:TC;744:TT;6364:GCGATGT;6374:TAA"
"B5-8","95:C;120:TT;703:T;743:TT"
"B5-13","95:C;120:TT;703:T;743:TT"
"B5-46","119:TT;702:T;742:TC"
"B5-82","119:TT;702:T;742:TC;4135:A"
"B5-83","120:TT;741:TC;4134:A"
"B5-85","119:TT;702:T;742:TC;4135:A;7061:T"
"B5-92","119:TT;702:T;742:TC;4135:A"
"B5-108","119:TT;702:T;742:TC;4135:A"
"B5-115","119:TT;702:T;742:TC"
"B5-117","119:TT;702:T;742:TC"
"B5-121","119:TT;702:T;740:AGT;7063:C"
"B5-122","119:TT;702:T;742:TC"
"B5-131","63:A;120:TT;703:T;733:ACC;744:AAT"
"B5-134","63:A;120:TT;703:T;733:ACC;746:TT"
"USA/2018-23092","128:AT;731:ACC;742:AGT;3820:T"
"BrCr",""
"Sydney18",""
"SB6-297-2","9:C;64:A;121:TT;704:T;744:AT;7064:C"
"11316","118:AT;718:TT;727:AACCCTCA;4801:CCG;7069:T"
"PP37-MAL-01","9:C;64:G;120:AT;704:T;744:TC;3819:C;4797:CCG"
"EV71/Ningbo.CHN/069/2010","9:C;129:C;701:TT;746:TAAA;7332:G"
"H8-1","9:C;99:CAG;132:C;704:GT;749:TAAA;7346:ATA"
"HeN09-17/HeN/CHN/2009","699:TT;737:CTTA;748:TAAA;7334:G"
"V06-2218645","9:C;129:C;710:T;745:TAAA;6072:C;7343:ATA"
"VR1432","9:C;126:C;744:CAAA"
"V09-2225777","9:C;129:C;710:T;745:TAAA;7331:G"
"M654-TW12","9:C;129:CT;703:T;733:ACC;746:TT;6277:TC"
"EV71/Hun12-10/2012","9:C;99:CAG;132:C;155:GCGCT;709:TT;754:TAAA;7340:G"
"wenzhou011","699:TT;741:CT;7328:G"
"EV71/Homosapiens/VNM/213/2011","128:C;700:TT;745:TAAA;7331:G"
"EV71/Homosapiens/VNM/153/2012","128:C;700:TT;738:CTTA;749:TAAA;7335:G"
"EV71/Homosapiens/VNM/135/2012","128:C;700:TT;738:CTTA;749:TAAA;7335:G"
"EV71/Homosapiens/VNM/46/2012","128:C;700:TT;738:CTTA;749:TAAA;7335:G"
"EV71/Homosapiens/VNM/228/2011","128:C;700:T;737:CTTA;748:TAAA"
"EV71/Homosapiens/VNM/8/2011","128:C;700:TT;738:CTTA;749:TAAA;7337:GGT"
"EV71/Homosapiens/VNM/110/2012","128:C;700:CT;738:CTTA;749:TAAA;7346:ATA"
"EV71/Homosapiens/VNM/160/2012","128:C;700:T;739:AGT;7329:G"
"EV71/Homosapiens/VNM/184/2012","128:C;700:TT;738:CTTA;749:TAAA;7335:G"
"EV71/Homosapiens/VNM/241/2011","128:C;700:CT;745:TAAA;7342:ATA"
"EV71/Homosapiens/VNM/164/2012","89:C;129:C;701:TT;739:CTTA;750:TAAA;7336:G"
"EV71/Homosapiens/VNM/31/2011","128:C;700:TT;737:CG;7329:G"
"EV71/Homosapiens/VNM/4/2011","128:C;700:TT;738:CTTA;749:TAAA;7335:G"
"EV71/Homosapiens/VNM/210/2011","128:C;700:TT;738:GCA;7330:G"
"EV71/Homosapiens/VNM/148/2012","128:C;700:TT;738:CTTA;749:TAAA;7335:G"
"EV71/Homosapiens/VNM/7/2011","128:C;700:TT;738:CTTA;749:TAAA;7335:G"
"EV71/Homosapiens/VNM/169/2012","128:C;700:TT;738:CTTA;749:TAAA"
"EV71/Homosapiens/VNM/173/2012","98:CAG;131:C;154:GCGCT;708:TT;753:TAAA;7336:TTAGAGG"
"EV71/Homosapiens/VNM/149/2012","89:C;129:C;701:TT;730:ACCCTTAACG;7338:G"
"EV71/Homosapiens/VNM/42/2011","128:C;700:TT;738:CTTA;749:TAAA;7335:G"
"EV71/Homosapiens/VNM/99/2012","128:C;700:TT;738:CTTA;749:TAAA;7335:G"
"EV71/Homosapiens/VNM/144/2012","128:C;700:TT;745:TAAA;7333:GGT"
"EV71/Homosapiens/VNM/155/2012","128:C;700:CT;738:CTTA;749:TAAA;6367:GATGTGAGTAAA;7358:ATA"
"EV71/Homosapiens/VNM/12/2011","128:C;700:T;737:CTTA;748:TAAA"
"EV71/Homosapiens/VNM/62/2012","119:TT;702:T;719:GC;744:TC;4137:A"
"EV71/Homosapiens/VNM/191/2011","95:CC;130:AT;703:GT;735:AAT;742:AT"
"306B","9:C;99:CAG;132:C;712:C;748:TAAA;7345:ATA"
"HuzhouE371/2011/CHN","9:C;88:C;130:C;711:T;746:TAAA"
"wh029","9:C;99:CAG;132:C;155:GCGCT;188:T;710:TT;755:CAAA;7341:GAGGTTG"
"EV71/P1031/2013/China","9:C;99:CAG;132:C;155:GCGCT;708:CT;749:AGT;7350:ATA"
"EV71/P222/2013/China","9:C;99:CAG;132:C;155:GCGCT;708:CT;731:TATCTTGACC;7346:G"
"EV71/P868/2013/China","9:C;99:CAG;132:C;155:GCGCT;710:TTC;735:C;756:TAAA;7342:G"
"EV71/P990/2013/China","9:C;99:CCCCCAA;136:C;713:CTGTG;749:CTTA;760:CAAA;7348:GGTTG"
"EV71/Homosapiens/KHM/297/2012","128:C;700:TT;738:CTTA;749:TAAA;6258:TA;7337:G"
"EV71/Homosapiens/KHM/397/2012","128:C;151:GCGCT;705:TT;750:TAAA"
"EV71/Homosapiens/KHM/377/2012","128:C;709:T;737:CTTA;748:TAAA;7334:G"
"EV71/Homosapiens/KHM/277/2012","128:C;151:GCGCT;705:TT;750:TAAA;7334:TAGAGGA"
"EV71/Homosapiens/KHM/285/2012","699:TT;737:CTTA;748:TAAA"
"EV71/Homosapiens/KHM/362/2012","128:C;700:TT;741:GCT;7330:G"
"EV71/Homosapiens/KHM/374/2012","89:CC;130:C;702:TT;747:TAAA"
"EV71/Homosapiens/KHM/319/2013","699:TT;737:CTTA;748:TAAA"
"EV71/Homosapiens/KHM/271/2012","128:C;700:TT;745:TAAA;7331:G"
"02-1-005","119:TT;702:T;742:TC;4135:A"
"EV71/SZ07/CHN/2014","9:C;99:CAG;132:C;155:GCGCT;709:TT;754:TAAA;7340:G"
"EV71/SZ12/CHN/2014","9:C;99:CAG;132:C;155:GCGCT;708:CT;754:TAAA;7340:G"
"C4-ND-171_Vietnam_BinhDuong_2012-02-18",""
"C4-ND-198_Vietnam_HoChiMinh_2012-03-21",""
"SEP006","9:C;129:C;701:TT;746:TAAA;7332:G"
"EV-A71/PMKA1300/THA/2011","63:A;120:TT;710:AC;744:TC;4137:A;7065:C"
"EVA71/Homosapiens/VNM/13.2/2012","699:TT;744:TAAA"
"1888-Yamagata-2012","119:TT;702:T;742:TC;4135:A"
"1859-Yamagata-2012","119:TT;702:T;742:TC;4135:A"
"K404-Sendai-2003","9:C;99:CAG;132:C;708:C;712:GG;750:TAAA;6368:GATGTGAGTAAA;7348:G"
"1138-Yamagata-2003","128:C;700:G;744:TAAA;6362:GATGTGAGTAAA;7353:ATA"
"15NHP003","119:TT;702:T;742:TC;4135:A;7061:T"
"16NHP400","700:T;740:TC;4133:A"
"16NHP455","128:C;151:GCGCT;704:C;744:AGT;7334:G"
"subgenotypeB5","9:C;64:A;121:TT;704:T;744:TC;4137:A;7065:C"
"EVA71/KM18A/Kunming/CHN/2019","73:TG;130:C;701:TT;742:AGT"
"KED005-org","9:C;129:AC;732:ACC;743:AGT;3821:T"
"11977","128:CT;731:ACC;747:TAAA;4798:CCG;5430:GC;6175:T"
"11590","118:AT;718:TT;727:AACCCTCA;4801:CCG;6176:T;7070:T"
"UH1/PM/1997","63:A;119:AT;703:T;720:CT;743:AGT"
"ST-CH-06","87:C;129:AC;740:AGT;3818:T"
"2007-07364","95:TC;130:AT;703:GT;735:AAC;742:AT"
"EV71/Fuyang.Anhui.P.R.C/17.08/3","9:C;99:CAG;132:C;704:TT;749:TAAA;7335:G"
"518-03F/SD/CHN/07","9:C;99:CAG;132:C;704:GT;749:TAAA;7346:ATA"
"523-05T/SD/CHN/07","9:C;129:C;702:TC;746:TAAA;7343:ATA"
"S0584-TW04","9:C;129:C;701:GT;741:AGT;7342:ATA"
"237-TW86","9:C;94:TT;122:TG;744:TT;6168:T"
"M0380-TW08","9:C;122:TA;703:TC;744:TC"
"NUH0083/SIN/08","63:A;120:TT;703:T;743:TC;7063:C"
"BJ08-Z025-5","9:C;99:CAG;132:C;704:G;707:T;749:TAAA;7347:GAAT"
"TW/96002/08","63:A;120:TT;703:T;743:TC"
"TW/96016/08","63:A;120:TT;703:T;743:TC"
"Chongqing3-09-China","9:C;99:CAG;132:C;704:GT;749:TAAA;7346:ATA"
"C1/FY08-C30-P9","88:A;129:C;701:TT;746:TAAA;6390:T;7333:G"
"C1/FY08-C30-P11","88:A;129:C;701:TT;746:TAAA;6390:T;7333:G"
"cmuh-050530-5","88:A;129:C;702:TC;746:TAAA;7334:GG;7338:ATA"
"EV71/Henan/399/2010","0:TT;7:AAC;133:C;705:T;749:TAAA;7335:G"
"124151","8:G;87:TA;131:AT;706:T;745:TC;3440:A"
"EV144_06","98:CAG;131:C;703:G;747:TAAA;6365:GATGTGAGTAAA;7356:ATA"
"EV034_06","98:CAG;131:C;703:G;747:TAAA;6365:GATGTGAGTAAA;7356:ATA"
"BZ200805","8:AG;100:CAG;133:C;705:GT;745:AG;5428:GC;7347:ATA;7412:C"
"Shanghai27-2009","0:T;10:C;100:CAG;133:C;705:TT;743:CTTA;754:TAAA;7340:G"
"Shanghai28-2009","0:T;10:C;100:CAG;133:C;705:TT;743:CTTA;754:TAAA;7340:G"
"THA-EV71-019","119:TT;702:T;742:TC;7062:C"
"G398-1037F/HeN/CHN/2009","9:C;129:C;701:TT;746:TAAA;7332:G"
"Kaifeng/2010","9:C;83:T;130:C;702:GT;747:TAAA;7333:G"
"TS","9:C;99:CAG;132:C;704:GT;749:TAAA;7335:G"
"35/Jingdezhen/China/HFMD_Severe/2011","9:C;129:C;701:TT;746:TAAA;3807:G;7333:G;7363:G"
"01011Y","9:C;99:CCCCCAA;136:C;713:CTGTG;749:CTTA;760:CAAA;7351:TGTAC"
"N1745-TW08/VP1-K98E","9:C;64:A;121:TT;704:T;744:TC"
"N1745-TW08/VP1-K98E+E145Q","9:C;64:A;121:TT;704:T;744:TC"
"N7008-TW99/VP1-Q145E","9:C;64:A;97:C;121:AT;705:T;734:AAC;746:AGT"
"SHAPHC5271/SH/CHN/14","9:C;129:C;701:TT;746:CAAA"
"SEP014_EV-A71","9:C;129:C;701:CT;739:CTTA;750:TAAA;7336:GAG"
"SiICRC04/TH/2012","9:C;64:A;121:TT;704:T;734:ACC;747:TC;4140:A"
"SiICRC05/TH/2012","63:A;120:TT;703:T;733:ACC;746:TC;4139:A"
"SiICRC06/TH/2012","63:A;120:TT;703:T;733:ACC;746:TC;4139:A"
"SiICRC09/TH/2012","119:TT;702:T;742:TC"
"2716-Yamagata-03","9:C;64:A;121:TT;704:T;744:TC;7064:C"
"31170151","119:TT;702:T;742:TC"
"N803-Sendai-2003","98:CAG;131:C;707:C;711:GG;749:TAAA;6367:GATGTGAGTAAA;7347:G"
"2488-Yamagata-2006","98:CAG;131:C;703:GT;748:TAAA;7345:ATA"
"15NHP128","119:TT;702:T;742:TC;4135:A"
"15NHP107","128:C;700:TT;738:CTTA;749:TAAA;7340:TGTAC"
"16NHP436","128:C;151:GCGCT;579:T;705:C;745:AGT;7332:CTAGAGG"
"CAE-LIT-CIP-041-08","9:C;129:AT;732:ACC;743:AGT;3821:T"
"R165/YN/CHN/2009","98:CAG;131:C;703:TT;741:CTTA;752:TAAA;7338:G"
"R22/YN/CHN/2011","0:T;10:C;100:CAG;133:C;706:TTC;738:ACC;754:TAAA;7340:G"
"RW14/YN/CHN/2012","9:C;89:A;130:C;153:GCGCT;707:TT;752:TAAA;7338:G"
"K34/YN/CHN/2013","0:T;7:C;11:C;101:CAG;134:C;157:GCGCT;710:CT;751:AGT;7341:G"
"K38/YN/CHN/2013","9:C;99:CAG;132:C;703:CT;744:AGT;7334:G"
"R50/YN.CHN/2013","0:T;10:C;130:C;702:TT;734:ACC;750:TAAA;7336:G"
"6-4/XY/CHN/2017","9:C;129:C;152:GCGCT;687:TGTGC;694:T;750:AGT;2888:A;7341:G"
"DK16-08","728:GTGAA"
"EV71-NJ2017iso2","41:G;129:C;701:TT;746:TAAA;7334:GGT"
"EV71-NJ2017iso1","128:C;151:GCGCT;691:CATTAA;749:AGT;7339:G"
"B5-141-6-5-TW-11","9:C;64:A;121:TT;704:T;744:TC"
"TW-01361-2005","9:C;129:C;701:GT;746:TAAA;7343:ATA"
"TW-70751-2005","9:C;89:A;130:C;702:GT;747:TAAA;7344:ATA;7386:C"
"TW-01100-2010","9:C;99:CAG;132:C;713:T;748:TAAA;7334:G"
"TW-72523-2008","9:C;64:A;121:TT;711:AC;745:TC"
"TW-00583-2012","9:C;129:CT;702:G;733:ACC;746:TT"
"TW-01485-2012","9:C;120:TT;703:T;733:ACC;746:TT"
"TW-01788-2012","9:C;120:TT;703:T;733:ACC;746:TT;7383:C"
"TW-02314-2012","9:C;129:CT;703:T;733:ACC;746:TT"
"TW-03112-2012","9:C;129:CT;703:T;733:ACC;746:TT"
"TW-50193-2012","9:C;129:CT;701:G;733:ACC;746:TT"
"TW-51126-2012","9:C;129:CT;703:T;733:ACC;744:AATT"
"TW-51135-2012","9:C;129:CT;706:G;733:ACC;746:TT"
"TW-50144-2013","9:C;129:CT;703:T;733:ACC;746:TT"
"17F","88:A;105:C;130:CT;713:T;720:ACAC;737:GTGAA;7337:AGAGGCC"
"101-p31-T3",""
"100-p36-T1",""
"C4-3","128:C;700:TT;738:CTTA;749:TAAA;7335:G"
"C4-5","98:CAG;131:C;703:TT;741:CTTA;752:TAAA;7340:GGTTG"
"B5-14","95:C;120:TT;703:T;743:TT"
"B5-17","95:C;120:TT;703:T;743:TT"
"B5-18","95:C;120:TT;703:T;743:TC"
"B5-19","95:C;120:TT;703:T;743:TC"
"B5-26","95:C;120:TT;703:T;743:TC"
"B5-29","95:C;120:TT;703:T;743:TC"
"B5-73","119:TT;702:T;742:TC;4135:A"
"B5-74","119:TT;702:T;742:TC;4135:A"
"B5-77","119:TT;702:T;742:TC;4135:A"
"B5-81","119:TT;702:T;742:TC;4135:A"
"B5-105","119:TT;741:TC"
"B5-114","119:TT;702:T;742:TC"
"R59/YN/CHN/2016","119:TT;741:TC"
"F17","9:C;64:A;121:TT;704:T;744:TC"
"No.1","9:C;64:A;121:TT;704:T;744:TC"
"No.40","9:C;64:A;121:TT;704:T;744:TC"
"2019-EV-A71-R431","9:C;129:T;710:T;740:AGT;7330:G"
"S10862-SAR-98","9:C;88:C;130:AC;733:ACC;744:AGT"
"1M-AUS-12-00","9:C;129:GC;732:ACC;743:AGT;3821:T"
"EV71/Ningbo.CHN/076/2009","9:C;129:C;701:TT;746:TAAA;7332:GAGGT"
"FY17.08-7/AH/CHN/2008","128:C;701:TC;745:TAAA;7342:ATA"
"FY17.08-8/AH/CHN/2008","98:CAG;131:C;703:TT;748:TAAA;7334:G"
"HeN09-1/HeN/CHN/2009","98:CAG;131:C;703:TT;741:CTTA;752:TAAA;7338:G"
"Wuhan1042/HuB/CHN/2011","9:C;129:C;701:TT;746:TAAA;7332:G"
"Anhui2007","9:C;99:CAG;132:C;704:GT;749:TAAA;7346:ATA"
"GDV103","9:C;129:C;152:GCGCT;706:TT;751:TAAA;7339:GGT"
"A2011125","128:CT;702:T;732:ACC;745:TT"
"M314-TW08","9:C;64:A;121:TT;704:T;744:TC"
"TLLm","9:C;64:A;120:AT;671:T;705:T;722:CT;745:AGT"
"M990-TW12","9:C;129:CT;703:T;733:ACC;746:TT"
"M1577-TW12","9:C;129:CT;703:T;733:ACC;746:TT"
"EV71/Hun11-32/2011","0:T;10:C;100:CAG;133:C;156:GCGCT;710:TT;732:TATCTTGACC;7347:G"
"EV71/Hun11-4/2011","9:C;99:CAG;132:C;155:GCGCT;709:TT;734:C;752:CT;7341:GGT"
"EV71/NX10-36/2010","0:T;99:CAG;132:C;704:TT;749:TAAA;7335:G"
"Rostov","128:C;151:GCGCT;705:TT;750:CAAA;7338:GGT"
"wenzhou256","700:TTC;740:AG;7340:ATA"
"EV71/Homosapiens/VNM/219/2011","128:T;700:TT;738:CTTA;749:TAAA;6367:GATGTGAGTAAA;7347:G"
"EV71/Homosapiens/VNM/133/2012","128:CT;702:T;732:ACC;745:TT"
"EV71/Homosapiens/VNM/94/2012","95:TC;130:AT;703:GT;711:T;736:AAC;743:AT;7069:C;7348:TG"
"EV71/Homosapiens/VNM/136/2012","128:C;700:TT;745:TAAA;7333:GGT"
"EV71/Homosapiens/VNM/10/2011","128:C;700:T;737:CTTA;748:TAAA"
"EV71/Homosapiens/VNM/29/2011","128:C;700:TT;738:CTTA;749:TAAA;7335:G"
"EV71/Homosapiens/VNM/205/2011","128:C;700:TT;722:TATCTTGACC;7337:G"
"EV71/Homosapiens/VNM/51/2012","128:C;700:TT;725:C;746:TAAA;7332:G"
"EV71/Homosapiens/VNM/179/2012","119:TT;702:T;742:TT"
"EV71/Homosapiens/VNM/154/2012","128:C;700:TT;745:TAAA;7333:GGT"
"EV71/Homosapiens/VNM/157/2012","128:C;700:TT;722:TATCTTGACC;7337:G"
"EV71/Homosapiens/VNM/107/2012","128:C;577:T;701:CT;739:CTTA;750:TAAA;7347:ATA"
"EV71/Homosapiens/VNM/61/2012","128:C;700:TT;738:CTTA;749:TAAA;7335:G"
"EV71/Homosapiens/VNM/166/2012","128:C;700:TT;738:CTTA;749:TAAA"
"EV71/Homosapiens/VNM/53/2012","95:TC;130:AT;703:GT;711:T;736:AAC;743:AT;7069:C;7348:TG"
"EV71/Homosapiens/VNM/131/2012","128:C;700:TT;738:CTTA;749:TAAA;7335:G"
"EV71/Homosapiens/VNM/121/2012","119:TT;702:T;719:GC;744:TC;4137:A"
"EV71/Homosapiens/VNM/38/2011","128:C;700:TT;738:CTTA;749:TAAA;7335:G"
"EV71/Homosapiens/VNM/79/2012","128:C;708:C;737:CTTA;748:TAAA;6392:T;7346:ATA"
"EV71/Homosapiens/VNM/215/2011","128:C;700:CT;738:CTTA;749:TAAA;7346:ATA"
"Hubei-WH/CHN/2012","9:C;129:C;706:CTGTG;742:CTTA;753:CAAA;7339:G"
"Taipei/C2-Y100/2011","90:T;96:TC;131:AC;427:A;692:AT;707:G;748:TC;4341:CTTCTGCCG"
"EV71/P123/2013/China","9:C;99:CAG;132:C;155:GCGCT;708:CT;749:AGT;2882:GG;7341:G"
"Taipei/B4-01/2011","118:AT;702:T;742:TC"
"EV71/P352/2013/China","9:C;99:CAG;132:C;704:TT;729:CTTGACCCTC;7352:ATA"
"EV71/Homosapiens/KHM/310/2012","128:C;700:TT;738:CTTA;749:TAAA;7335:G"
"EV71/Homosapiens/KHM/376/2012","128:C;700:TT;738:CTTA;749:TAAA;7335:G"
"EV71/Homosapiens/KHM/353/2012","128:C;700:CT;738:CTTA;749:TAAA;6367:GATGTGAGTAAA;7358:ATA"
"EV71/Homosapiens/KHM/361/2012","128:C;700:TT;738:CTTA;749:TAAA;7335:G"
"EV71/Homosapiens/KHM/388/2012","128:C;151:GCGCT;705:TT;750:TAAA;7336:G"
"EV71/Homosapiens/KHM/398/2012","128:C;700:TT;738:CTTA;749:TAAA;7335:G"
"EV71/Homosapiens/KHM/300/2012","128:C;700:TT;738:CTTA;749:TAAA;7351:CAC"
"EV71/Homosapiens/KHM/393/2012","128:C;700:TT;738:CTTA;749:TAAA;7337:GGT"
"EV71/Homosapiens/KHM/308/2012","699:TT;737:CTTA;748:TAAA"
"EV71/Homosapiens/KHM/316/2013","98:CAG;131:C;154:GCGCT;708:TT;753:TAAA;7341:GGTTATG"
"02-0-072","119:TT;702:T;742:TC;4135:A;7061:T"
"02-1-042","88:G;120:TT;703:T;743:TC"
"THA_A575","119:TT;702:T;732:ACC;745:TC;4138:A"
"THA_A683","119:TT;702:T;732:ACC;745:TC;4138:A"
"THA_A847","119:TT;702:T;732:ACC;745:TC;4138:A"
"THA_A1564","119:TT;702:T;742:TC;4135:A"
"THA_A1219","699:TT;740:GCT;7329:G"
"109/EV71/Wenzhou/CHN/2014","9:C;99:CAG;132:C;704:TT;729:C;750:TAAA;7333:TTAGAGG"
"116/EV71/Wenzhou/CHN/2014","9:C;99:CAG;132:C;703:GT;749:CAAA;7340:TGTAC"
"C4-ND-137_Vietnam_VungTau_2012-05-20",""
"45849/BE/DE2015","686:ATTA;732:GTGAA;7332:AGAGGCC"
"SHAPHC5267/SH/CHN/14","9:C;129:C;703:T;745:TAAA;5425:AC;6365:GATGTGAGTAAA;7345:GAGGG"
"SHAPHC5365/SH/CHN/14","9:C;129:C;701:TT;746:CAAA;7334:GGT"
"Siriraj01/TH/08","125:T;702:TCT;740:CAT;5669:G;5672:CA"
"SiICRC08/TH/2014","128:C;708:C;737:CTTA;748:TAAA;7334:G"
"SiICRC02/TH/2012","63:A;120:TT;703:T;743:TC;4136:A"
"Jinan/SD/CHN/2015","0:T;10:C;130:C;702:TT;747:TAAA;7333:G"
"EV71-MZ","9:C;129:C;701:TT;746:TAAA;7332:G"
"75-Yamagata-LPS1","9:C;129:C;701:G;745:TAAA;6363:GATGTGAGTAAA;7354:ATA"
"KED005-LPS2","9:C;129:AC;732:ACC;743:AGT;3821:T"
"NCKU9822","9:C;91:T;97:TC;132:AC;692:AT;707:G;748:TC"
"EV71/9/97/SHA89","63:A;119:AT;703:T;720:CT;743:AGT"
"ENT/PM/SHA52","90:TT;130:AC;690:AT;705:G;744:AAT"
"EV71/SAR/SHA66","63:A;119:AT;703:T;720:CT;743:AGT"
"984","0:T;99:CAG;132:C;704:GT;749:TAAA;7346:ATA"
"1235","0:T;700:GT;745:TAAA;7331:G"
"521-18S/SD/CHN/07","9:C;129:C;702:TC;746:TAAA;7343:ATA"
"S0296-TW00","9:C;64:A;120:AT;305:T;705:T;745:TC;810:A"
"236-TW86","9:C;102:G;121:TG;743:TT;6167:T"
"266-TW86","9:C;102:G;121:TG;743:TT;6167:T"
"28/SHENZHEN/08/China/HFMD/2008","128:C;700:GT;745:TAAA;7342:ATA"
"BJ08","128:C;700:GT;745:TAAA;7342:ATA"
"TW/70811/08","63:A;120:TT;703:T;743:TC"
"TW/70886/08","63:A;120:TT;703:T;743:TC"
"TW/71595/04","88:A;129:C;701:GT;746:TAAA;7343:ATA"
"SZ/HK08-6","9:C;99:CAG;132:C;704:GT;749:TAAA;7346:ATA"
"Anhui1-09-China","8:C;99:CAG;132:C;704:GT;749:TAAA;7346:ATA"
"Henan1-09-China","699:G;702:T;744:TAAA;7330:G"
"FY08-C30-P14","88:A;129:C;701:TT;746:TAAA;6390:T;7333:G"
"Henan10-08-China","9:C;129:C;701:GT;723:TATCTTGACC;7336:TAGAGGC"
"BJ67","9:C;94:T;130:C;707:CTGTG;750:TAAA;7336:G"
"BJ97","9:C;99:CAG;132:C;704:GT;749:TAAA;7346:ATA"
"2008-00643","63:A;89:G;129:CA;578:C;714:T;723:ACCTTATAC;748:AT;7338:TTAGAGG"
"127018","8:G;91:TT;131:GC;706:T;745:TC"
"EV141_06","98:CAG;131:C;704:T;747:TAAA;6365:GATGTGAGTAAA;7356:ATA"
"MZ2008","8:AG;130:C;702:TT;747:TAAA;7333:G"
"EV71/JN200804","9:C;129:C;701:TT;746:TAAA;7332:G"
"LCH02","128:C;700:TT;745:TAAA;7331:G"
"BJ02","128:C;700:TT;745:TAAA;7331:G"
"AH01","128:C;700:T;703:T;745:TAAA;7331:G;7395:CGC"
"G333-972F/HeN/CHN/2009","9:C;99:CAG;132:C;704:TT;749:TAAA;7335:G"
"EV71/Ningbo.CHN/001/2010","9:C;129:C;701:TT;739:CTTA;750:TAAA;7336:G"
"EV71/Xiamen/2009","9:C;120:TT;703:T;733:ACC;746:TC;7335:AC"
"3149","9:C;64:A;90:G;130:CA;579:C;715:T;724:ACCTTATAC;749:AT;7073:T;7340:TTAGAGG"
"AFP2001071/EV71/GX/CHN/2001","9:C;99:CAG;132:C;704:GT;744:AG;7344:GTA;7384:C"
"AFP2001064/EV71/GX/CHN/2001","9:C;99:CAG;132:C;704:GT;744:AG;7344:ATA;7384:C"
"SDLY1","9:C;99:CCCCAG;135:C;707:GT;752:TAAA;7349:ATA"
"JiLin-11-China","89:ACCCC;133:C;714:T;749:TAAA"
"TZ06","98:CAG;131:C;703:TT;748:TAAA;7334:G"
"EV71/Homosapiens/VNM/159/2012","128:C;708:C;744:TAAA;6388:T"
"N1745-TW08/VP1-D164E","9:C;64:A;121:TT;704:T;744:TC"
"617-19","150:ACGCT;704:GT;749:TAAA;7346:ATA"
"HFM005","128:C;700:TT;738:CTTA;749:TAAA;6393:T;7336:GAGGT"
"31170112","89:ACC;131:CT;691:ATTA;737:GTGAA;7337:AGAGGCC"
"2065-Yamagata-2004","9:C;64:G;90:A;120:TT;933:A;1437:TGA;1948:G;1959:CG;2527:ATTGCAAGTACT;2675:CA;2766:GGGTACACA;3186:A;3328:GTGC;3336:GC"
"N362-Sendai-2012","119:TT;702:T;742:TC;4135:A"
"K367-Sendai-2003","9:C;99:CAG;132:C;708:C;712:GG;750:TAAA;6368:GATGTGAGTAAA;7348:G"
"1934-Yamagata-2003","9:C;99:CAG;132:C;708:C;712:GG;750:TAAA;6368:GATGTGAGTAAA;7348:G"
"114-Yamagata-2007","128:C;700:GT;745:TAAA;7333:GG"
"15NHP088","119:TT;702:T;742:TC;4135:A;7061:T"
"15NHP157","119:TT;702:T;742:TC;4135:A;7061:T"
"16NHP456","9:C;120:TT;703:T;743:TC"
"16NHP417","128:C;151:GCGCT;704:C;744:AGT;7334:G"
"EV71/SZ08/CHN/2013","9:C;99:CAG;132:C;155:GCGCT;708:CT;749:AGT;7339:G"
"DK16-06","715:CAC;724:T;733:ACC"
"TW-70521-2005","9:C;89:A;130:C;702:GT;747:TAAA;7344:ATA"
"TW-02182-2010","9:C;99:CAG;132:C;713:T;748:TAAA;7334:G"
"TW-02659-2011","9:C;129:C;701:TT;746:TAAA;7332:G"
"TW-71379-2008","9:C;64:A;121:TT;704:T;744:TC"
"TW-00073-2012","9:C;129:C;701:T;722:TATCTTGACC"
"TW-01414-2012","9:C;129:CT;703:T;733:ACC;746:TT"
"Huainan201402","9:C;129:C;700:GT;746:CAAA;7337:TGTAC"
"11N","88:A;105:C;130:CT;712:G;720:ACAC;742:AGCCAAAT;7356:ATA"
"100-p17-T2",""
"100-p17-T3",""
"100-p36-T2",""
"C4-4","128:C;700:TT;722:TATCTTGGCC;7337:G"
"C4-7","128:C;700:TT;738:CTTA;749:TAAA;7335:G"
"C4-10","128:C;700:TT;738:CTTA;749:TAAA;7335:G"
"B5-54","119:TT;702:T;742:TC"
"B5-36","95:C;120:TT;703:T;743:TC"
"B5-61","119:TT;702:T;742:TC"
"B5-66","119:TT;702:T;742:TC;4135:A"
"B5-70","119:TT;702:T;742:TC;4135:A"
"B5-79","119:TT;741:TC;4134:A"
"B5-90","119:TT;702:T;742:TC;4135:A"
"B5-100","119:TT;702:T;740:AGT;4136:A"
"B5-101","119:TT;739:AGT;4135:A"
"B5-111","119:TT;702:T;742:TC"
"B5-127","63:A;120:TT;703:T;733:ACC;744:AAT"
"B5-135","119:TT;702:T;742:TC"
"Sydney60",""
"Sydney30",""
"Sydney14",""
"Sydney11",""
"6-1500-4","9:C;64:A;121:TT;704:T;744:TC;7064:C"
"CMC718","9:C;129:CT;701:G;733:ACC;746:TT"
"USA/2018-23296","9:C;90:AC;131:CT;714:T;719:TGA;724:C;738:GTGAA;7338:AGAGGCC"
"TLLbeta-P20","9:C;64:A;120:AT;704:T;721:CT;744:AGT"
"eTLLbeta-P20","9:C;64:A;120:AT;704:T;721:CT;744:AGT"
"F23","9:C;64:A;121:TT;704:T;744:TC"
"EVA71/KM18B/Kunming/CHN/2019","98:CAG;131:C;702:TT;743:AGT;7331:TAGAGGG;7380:CCCG"
"J115-MAL-01","9:C;129:AC;732:ACC;743:AGT;3821:T"
"EV71/Ningbo.CHN/103/2009","9:C;99:CCGG;132:T;705:TT;750:TAAA;7336:G"
"Wuhan1143/HuB/CHN/2011","9:C;99:CAG;132:C;704:TT;749:TAAA;7335:G"
"M1656-TW08","9:C;64:A;121:TT;704:T;744:TC"
"M665-TW08","9:C;64:A;121:TT;743:TC"
"EV71/GD10-7/2010","9:C;99:CAG;132:C;155:GCGCT;709:TT;754:TAAA;7342:GGT"
"DL71","0:T;10:C;701:G;745:TAAA;5181:A;5426:GC;6366:GATGTGAGTAAA"
"EV71/Homosapiens/VNM/235/2011","128:C;700:TT;738:GCA;7330:G"
"EV71/Homosapiens/VNM/180/2012","119:TT;702:T;742:TC;4135:A;7060:T"
"EV71/Homosapiens/VNM/111/2012","128:C;700:TT;738:CTTA;749:TAAA;7335:G"
"EV71/Homosapiens/VNM/13/2011","128:C;700:TT;738:CTTA;749:TAAA;7335:G"
"EV71/Homosapiens/VNM/247/2011","128:C;700:TT;738:CTTA;749:TAAA;7335:G"
"EV71/Homosapiens/VNM/101/2012","128:C;567:C;701:CT;739:CTTA;750:TAAA;7347:ATA"
"EV71/Homosapiens/VNM/6/2011","128:C;700:T;724:C;745:TAAA;7331:G"
"EV71/Homosapiens/VNM/32/2011","128:C;700:TT;745:TAAA;7333:GGT"
"EV71/Homosapiens/VNM/103/2012","128:C;700:TT;738:CTTA;749:TAAA;7335:G"
"EV71/Homosapiens/VNM/114/2012","128:C;700:T;724:C;745:TAAA;7331:G"
"EV71/Homosapiens/VNM/174/2012","119:TT;702:T;742:TC"
"EV71/Homosapiens/VNM/66/2012","128:C;700:TT;745:TAAA;7331:G"
"EV71/Homosapiens/VNM/195/2011","95:TC;130:AT;703:GT;735:AAC;742:AT"
"EV71/Homosapiens/VNM/221/2011","128:C;700:TT;738:CTTA;749:TAAA;7335:G"
"EV71/Homosapiens/VNM/36/2011","128:C;700:T;724:C;745:TAAA;7331:G"
"EV71/Homosapiens/VNM/177/2012","119:TT;702:T;742:TC;7062:C"
"EV71/Homosapiens/VNM/243/2011","128:C;700:TT;738:GCA;7330:G"
"EV71/Homosapiens/VNM/49/2012","128:C;700:TT;738:CTTA;749:TAAA;7335:G"
"EV71/Homosapiens/VNM/242/2011","128:C;700:TT;745:TAAA;7331:G"
"EV71/Homosapiens/VNM/246/2011","128:C;700:TT;745:TAAA;7333:GGT"
"EV71/Homosapiens/VNM/134/2012","128:C;700:TT;738:CTTA;749:TAAA;7335:G"
"EV71/Homosapiens/VNM/34/2011","128:C;700:TT;745:TAAA;7333:GGT"
"EV71/Homosapiens/VNM/216/2011","128:C;700:T;724:C;745:TAAA;7331:G"
"TLLcho","0:T;83:T;130:CT;672:A;705:T;722:CT;745:AGT"
"EV71/P16/2013/China","9:C;99:CAG;132:C;155:GCGCT;708:CT;749:AGT;7339:G"
"Taipei/C4-Y100-P4/2011","98:CAG;131:C;712:T;747:TAAA;7333:G"
"EV71/P40/2013/China","9:C;99:CAG;132:C;155:GCGCT;708:CT;749:AGT;7339:G"
"EV71/P454/2013/China","9:C;99:CCCCCAA;136:C;713:CTGTG;749:CTTA;760:CAAA;7348:GGTTG"
"EV71/Homosapiens/KHM/351/2012","699:CT;737:CTTA;748:TAAA;6366:GATGTGAGTAAA"
"EV71/Homosapiens/KHM/269/2012","89:C;129:C;701:TT;739:CTTA;750:TAAA;7347:ATA"
"EV71/Homosapiens/KHM/272/2012","128:C;700:TT;738:CTTA;749:TAAA;6393:T;7336:G"
"EV71/Homosapiens/KHM/352/2012","128:C;700:TT;726:TTGACCCTTA;7337:G"
"EV71/Homosapiens/KHM/375/2012","128:C;700:TT;738:CTTA;749:TAAA;7335:G"
"EV71/Homosapiens/KHM/371/2012","119:TT;702:T;746:AAC;4136:A"
"EV71/Homosapiens/KHM/382/2012","128:C;700:TT;738:CTTA;749:TAAA;7335:G"
"03-0-002","119:TT;702:T;742:TC;4135:A"
"02-0-035","63:A;120:TT;703:T;733:ACC;744:AAT"
"02-0-068","119:TT;702:T;742:TC;4135:A"
"02-1-067","63:A;120:TT;694:C;733:ACC;744:AAT"
"02-0-049","118:TT;702:T;742:TC;4135:A;7061:T"
"15/EV71/Wenzhou/CHN/2014","9:C;99:CAG;132:C;155:GCGCT;708:CT;754:TAAA;7340:G"
"37507/TH/DE2015","686:ATTA;732:GTGAA"
"SiICRC02/TH/2013","9:C;83:T;130:AC;705:T;740:TCA"
"SilCRC03/TH/2013","63:A;120:TT;703:T;743:TC;4136:A"
"SiICRC01/TH/2014","125:C;151:GCGCT;705:TT;746:GCT;7335:G"
"617-20","128:C;700:GT;745:TAAA;7342:ATA"
"839","9:C;99:CAG;132:C;704:TT;749:TAAA;7335:G"
"SD004R/Shandong/China/2015","0:T;10:C;130:C;702:TT;747:TAAA;7333:G"
"CSF15/YN/CHN/2013","98:CAG;131:C;705:T;742:AGT;7332:G"
"USA/2016/19519","701:T;740:TC"
"7D3","9:C;83:T;118:TTGTGTAC;711:T;750:TC"
"DK16-04","669:A;687:ATTA;733:GTGAA"
"NER-13-194","9:C;119:GT;703:GT;733:CAC;742:TAT;3823:T"
"USA/AK/2016-19516","82:T;129:AC;181:T;690:AT;705:G;746:TC"
"Taiwan/1998-20998","128:AC;688:AT;703:G;744:TC"
"128135","8:G;91:TT;131:GC;706:T;740:TT"
"N772-Sendai-2006","9:C;90:CC;131:C;703:G;747:TAAA;7349:TAC"
"Y90-3896","9:C;96:C;119:TG;741:AGT"
"MAD-7842-10","9:C;64:G;128:TTCA;692:A;736:ATC;748:GCT;3825:C"
"R6/YN/CHN/2011","9:C;129:C;152:GCGCT;706:TT;738:ACC;754:TAAA;7340:G"
"TW-51031-2015","9:C;64:A;121:TT;704:T;744:TC;4137:A"
"TW-02392-2016","9:C;129:C;710:T;722:TATCTTGACC"
"TW-72043-2007","9:C;95:TT;131:AT;704:GT;736:AAC;743:AT"
"TW-02876-2005","9:C;129:C;701:GT;746:TAAA;7343:ATA"
"TW-02722-2008","9:C;64:A;121:TT;704:T;744:TC"
"TW-01387-2010","9:C;99:CAG;132:C;713:T;748:TAAA;7334:G"
"TW-02369-2012","9:C;129:CT;703:T;733:ACC;746:TT"
"TW-51010-2012","9:C;129:CT;703:T;733:ACC;746:TT;4139:A"
"100-p31-T3",""
"101-p17-T1",""
"101-p17-T3",""
"101-p35-T3",""
"101-p36-T3",""
"B5-10","95:C;120:TT;703:T;743:TT"
"B5-25","95:C;120:TT;703:T;743:TC"
"B5-30","95:C;120:TT;703:T;743:TC"
"B5-37","88:G;120:TT;703:T;743:TC"
"B5-39","88:G;120:TT;703:T;743:TC"
"B5-47","119:TT;702:T;740:AAT"
"B5-60","119:TT;152:GCGCG;707:T;747:TC"
"B5-64","119:TT;739:AAT;4135:A"
"B5-49","119:TT;702:T;740:AAT"
"B5-67","119:TT;702:T;742:TC;4135:A"
"B5-87","119:TT;702:T;742:TC;4135:A;7061:T"
"B5-98","119:TT;702:T;740:AGT;4136:A"
"B5-103","119:TT;741:TC"
"B5-104","119:TT;741:TC"
"B5-113","119:TT;702:T;742:TC"
"B5-118","118:AT;702:T;742:TC"
"B5-120","119:TT;702:T;740:AGT;7063:C"
"B5-123","119:TT;702:T;742:TC;4135:A;7061:T"
"B5-132","63:A;120:TT;703:T;733:ACC;744:AAT"
"B5-124","119:TT;702:T;742:TC"
"B5-136","63:A;120:TT;703:T;733:ACC;744:AAT"
"RA330/YN/CHN/2009","7:A;99:CAG;132:C;704:TT;736:ACC;752:TAAA;7338:G"
"Sydney57","6340:TG"
"Sydney56",""
"Sydney03",""
"SB6-1048-2","9:C;64:A;121:TT;704:T;744:TC;7064:C"
"SB6-1004-3","9:C;120:TT;703:T;743:TC;7063:C"
"10S5","116:TTGTGTAC;709:T;748:TC"
"413-C2/YN/CHN/2016","119:TT;703:T;742:TC;7062:C"
"F1","9:C;64:A;121:TT;704:T;744:TC"
"No.23","9:C;64:A;121:TT;704:T;744:TC"
